2026-03-24T09:13:38.251-06:00  INFO 6716 --- [back] [main] com.pueblahealth.back.BackApplication    : Starting BackApplication using Java 25.0.2 with PID 6716 (C:\Users\dylan\Documents\seguridadProyecto\PUEBLAHealth-Tech\back\target\classes started by dylan in C:\Users\dylan\Documents\seguridadProyecto\PUEBLAHealth-Tech)
2026-03-24T09:13:38.261-06:00 DEBUG 6716 --- [back] [main] com.pueblahealth.back.BackApplication    : Running with Spring Boot v4.0.3, Spring v7.0.5
2026-03-24T09:13:38.262-06:00  INFO 6716 --- [back] [main] com.pueblahealth.back.BackApplication    : No active profile set, falling back to 1 default profile: "default"
2026-03-24T09:13:39.163-06:00  INFO 6716 --- [back] [main] .s.d.r.c.RepositoryConfigurationDelegate : Bootstrapping Spring Data JPA repositories in DEFAULT mode.
2026-03-24T09:13:39.248-06:00  INFO 6716 --- [back] [main] .s.d.r.c.RepositoryConfigurationDelegate : Finished Spring Data repository scanning in 72 ms. Found 3 JPA repository interfaces.
2026-03-24T09:13:39.886-06:00  INFO 6716 --- [back] [main] o.s.boot.tomcat.TomcatWebServer          : Tomcat initialized with port 8080 (http)
2026-03-24T09:13:39.904-06:00  INFO 6716 --- [back] [main] o.apache.catalina.core.StandardService   : Starting service [Tomcat]
2026-03-24T09:13:39.904-06:00  INFO 6716 --- [back] [main] o.apache.catalina.core.StandardEngine    : Starting Servlet engine: [Apache Tomcat/11.0.18]
2026-03-24T09:13:39.973-06:00  INFO 6716 --- [back] [main] b.w.c.s.WebApplicationContextInitializer : Root WebApplicationContext: initialization completed in 1654 ms
2026-03-24T09:13:40.247-06:00  INFO 6716 --- [back] [main] org.hibernate.orm.jpa                    : HHH008540: Processing PersistenceUnitInfo [name: default]
2026-03-24T09:13:40.332-06:00  INFO 6716 --- [back] [main] org.hibernate.orm.core                   : HHH000001: Hibernate ORM core version 7.2.4.Final
2026-03-24T09:13:40.883-06:00  INFO 6716 --- [back] [main] o.s.o.j.p.SpringPersistenceUnitInfo      : No LoadTimeWeaver setup: ignoring JPA class transformer
2026-03-24T09:13:40.920-06:00  INFO 6716 --- [back] [main] com.zaxxer.hikari.HikariDataSource       : HikariPool-1 - Starting...
2026-03-24T09:13:41.129-06:00  INFO 6716 --- [back] [main] com.zaxxer.hikari.pool.HikariPool        : HikariPool-1 - Added connection com.mysql.cj.jdbc.ConnectionImpl@16ef1160
2026-03-24T09:13:41.131-06:00  INFO 6716 --- [back] [main] com.zaxxer.hikari.HikariDataSource       : HikariPool-1 - Start completed.
2026-03-24T09:13:41.197-06:00  WARN 6716 --- [back] [main] org.hibernate.orm.core                   : HHH000511: The 5.5.5 version for [org.hibernate.dialect.MySQLDialect] is no longer supported, hence certain features may not work properly.The minimum supported version is 8.0.0. Check the community dialects project for available legacy versions.
2026-03-24T09:13:41.226-06:00  INFO 6716 --- [back] [main] org.hibernate.orm.connections.pooling    : HHH10001005: Database info:
	Database JDBC URL [jdbc:mysql://127.0.0.1:3306/pueblahealth]
	Database driver: MySQL Connector/J
	Database dialect: MySQLDialect
	Database version: 5.5.5
	Default catalog/schema: pueblahealth/undefined
	Autocommit mode: undefined/unknown
	Isolation level: REPEATABLE_READ [default REPEATABLE_READ]
	JDBC fetch size: none
	Pool: DataSourceConnectionProvider
	Minimum pool size: undefined/unknown
	Maximum pool size: undefined/unknown
2026-03-24T09:13:42.174-06:00  INFO 6716 --- [back] [main] org.hibernate.orm.core                   : HHH000489: No JTA platform available (set 'hibernate.transaction.jta.platform' to enable JTA platform integration)
2026-03-24T09:13:42.276-06:00  INFO 6716 --- [back] [main] j.LocalContainerEntityManagerFactoryBean : Initialized JPA EntityManagerFactory for persistence unit 'default'
2026-03-24T09:13:42.371-06:00  INFO 6716 --- [back] [main] o.s.d.j.r.query.QueryEnhancerFactories   : Hibernate is in classpath; If applicable, HQL parser will be used.
2026-03-24T09:13:42.658-06:00  WARN 6716 --- [back] [main] JpaBaseConfiguration$JpaWebConfiguration : spring.jpa.open-in-view is enabled by default. Therefore, database queries may be performed during view rendering. Explicitly configure spring.jpa.open-in-view to disable this warning
2026-03-24T09:13:42.757-06:00  WARN 6716 --- [back] [main] .s.a.UserDetailsServiceAutoConfiguration : 

Using generated security password: ece2ee8f-a6b4-4e31-8b5e-f2eea4dbd47b

This generated password is for development use only. Your security configuration must be updated before running your application in production.

2026-03-24T09:13:42.766-06:00  INFO 6716 --- [back] [main] r$InitializeUserDetailsManagerConfigurer : Global AuthenticationManager configured with UserDetailsService bean with name inMemoryUserDetailsManager
2026-03-24T09:13:43.291-06:00  INFO 6716 --- [back] [main] o.s.boot.tomcat.TomcatWebServer          : Tomcat started on port 8080 (http) with context path '/'
2026-03-24T09:13:43.299-06:00  INFO 6716 --- [back] [main] com.pueblahealth.back.BackApplication    : Started BackApplication in 5.635 seconds (process running for 10.922)
2026-03-24T09:20:33.426-06:00  INFO 6716 --- [back] [http-nio-8080-exec-1] o.a.c.c.C.[Tomcat].[localhost].[/]       : Initializing Spring DispatcherServlet 'dispatcherServlet'
2026-03-24T09:20:33.434-06:00  INFO 6716 --- [back] [http-nio-8080-exec-1] o.s.web.servlet.DispatcherServlet        : Initializing Servlet 'dispatcherServlet'
2026-03-24T09:20:33.439-06:00  INFO 6716 --- [back] [http-nio-8080-exec-1] o.s.web.servlet.DispatcherServlet        : Completed initialization in 4 ms
2026-03-24T09:20:33.794-06:00  INFO 6716 --- [back] [http-nio-8080-exec-3] c.pueblahealth.back.service.AuthService  : [INFO]Intento de registro con email: dylanvelarde12@gmail.com
2026-03-24T09:20:35.581-06:00  INFO 6716 --- [back] [http-nio-8080-exec-3] c.pueblahealth.back.service.AuthService  : [SUCCESS]Usuario registrado correctamente: dylanvelarde12@gmail.com
2026-03-24T09:22:13.610-06:00  INFO 6716 --- [back] [http-nio-8080-exec-7] c.pueblahealth.back.service.AuthService  : [INFO]Intento de login para el usuario: dylanvelarde12@gmail.com
2026-03-24T09:22:13.785-06:00  INFO 6716 --- [back] [http-nio-8080-exec-7] c.pueblahealth.back.service.AuthService  : [SUCCESS]Login exitoso del usuario: dylanvelarde12@gmail.com
2026-03-24T09:24:00.435-06:00  INFO 6716 --- [back] [http-nio-8080-exec-4] c.pueblahealth.back.service.AuthService  : [INFO]Intento de login para el usuario: dylanvelarde12@gmail.com
2026-03-24T09:24:00.609-06:00  INFO 6716 --- [back] [http-nio-8080-exec-4] c.pueblahealth.back.service.AuthService  : [SUCCESS]Login exitoso del usuario: dylanvelarde12@gmail.com
2026-03-24T09:24:22.372-06:00  INFO 6716 --- [back] [http-nio-8080-exec-9] c.pueblahealth.back.service.AuthService  : [INFO]Intento de login para el usuario: dylanvelarde12@gmail.com
2026-03-24T09:24:22.538-06:00  INFO 6716 --- [back] [http-nio-8080-exec-9] c.pueblahealth.back.service.AuthService  : [SUCCESS]Login exitoso del usuario: dylanvelarde12@gmail.com
2026-03-24T09:25:52.100-06:00 ERROR 6716 --- [back] [http-nio-8080-exec-6] o.a.c.c.C.[.[.[/].[dispatcherServlet]    : Servlet.service() for servlet [dispatcherServlet] in context with path [] threw exception [Request processing failed: java.lang.RuntimeException: OTP incorrecto] with root cause

java.lang.RuntimeException: OTP incorrecto
	at com.pueblahealth.back.service.AuthService.verifyOtp(AuthService.java:209) ~[classes/:na]
	at java.base/jdk.internal.reflect.DirectMethodHandleAccessor.invoke(DirectMethodHandleAccessor.java:104) ~[na:na]
	at java.base/java.lang.reflect.Method.invoke(Method.java:565) ~[na:na]
	at org.springframework.aop.support.AopUtils.invokeJoinpointUsingReflection(AopUtils.java:359) ~[spring-aop-7.0.5.jar:7.0.5]
	at org.springframework.aop.framework.CglibAopProxy$DynamicAdvisedInterceptor.intercept(CglibAopProxy.java:715) ~[spring-aop-7.0.5.jar:7.0.5]
	at com.pueblahealth.back.service.AuthService$$SpringCGLIB$$0.verifyOtp(<generated>) ~[classes/:na]
	at com.pueblahealth.back.controller.AuthController.verifyOtp(AuthController.java:36) ~[classes/:na]
	at java.base/jdk.internal.reflect.DirectMethodHandleAccessor.invoke(DirectMethodHandleAccessor.java:104) ~[na:na]
	at java.base/java.lang.reflect.Method.invoke(Method.java:565) ~[na:na]
	at org.springframework.web.method.support.InvocableHandlerMethod.doInvoke(InvocableHandlerMethod.java:252) ~[spring-web-7.0.5.jar:7.0.5]
	at org.springframework.web.method.support.InvocableHandlerMethod.invokeForRequest(InvocableHandlerMethod.java:184) ~[spring-web-7.0.5.jar:7.0.5]
	at org.springframework.web.servlet.mvc.method.annotation.ServletInvocableHandlerMethod.invokeAndHandle(ServletInvocableHandlerMethod.java:117) ~[spring-webmvc-7.0.5.jar:7.0.5]
	at org.springframework.web.servlet.mvc.method.annotation.RequestMappingHandlerAdapter.invokeHandlerMethod(RequestMappingHandlerAdapter.java:934) ~[spring-webmvc-7.0.5.jar:7.0.5]
	at org.springframework.web.servlet.mvc.method.annotation.RequestMappingHandlerAdapter.handleInternal(RequestMappingHandlerAdapter.java:853) ~[spring-webmvc-7.0.5.jar:7.0.5]
	at org.springframework.web.servlet.mvc.method.AbstractHandlerMethodAdapter.handle(AbstractHandlerMethodAdapter.java:86) ~[spring-webmvc-7.0.5.jar:7.0.5]
	at org.springframework.web.servlet.DispatcherServlet.doDispatch(DispatcherServlet.java:963) ~[spring-webmvc-7.0.5.jar:7.0.5]
	at org.springframework.web.servlet.DispatcherServlet.doService(DispatcherServlet.java:866) ~[spring-webmvc-7.0.5.jar:7.0.5]
	at org.springframework.web.servlet.FrameworkServlet.processRequest(FrameworkServlet.java:1000) ~[spring-webmvc-7.0.5.jar:7.0.5]
	at org.springframework.web.servlet.FrameworkServlet.doPost(FrameworkServlet.java:903) ~[spring-webmvc-7.0.5.jar:7.0.5]
	at jakarta.servlet.http.HttpServlet.service(HttpServlet.java:649) ~[tomcat-embed-core-11.0.18.jar:6.1]
	at org.springframework.web.servlet.FrameworkServlet.service(FrameworkServlet.java:874) ~[spring-webmvc-7.0.5.jar:7.0.5]
	at jakarta.servlet.http.HttpServlet.service(HttpServlet.java:710) ~[tomcat-embed-core-11.0.18.jar:6.1]
	at org.apache.catalina.core.ApplicationFilterChain.doFilter(ApplicationFilterChain.java:128) ~[tomcat-embed-core-11.0.18.jar:11.0.18]
	at org.apache.tomcat.websocket.server.WsFilter.doFilter(WsFilter.java:53) ~[tomcat-embed-websocket-11.0.18.jar:11.0.18]
	at org.apache.catalina.core.ApplicationFilterChain.doFilter(ApplicationFilterChain.java:107) ~[tomcat-embed-core-11.0.18.jar:11.0.18]
	at org.springframework.web.filter.CompositeFilter$VirtualFilterChain.doFilter(CompositeFilter.java:108) ~[spring-web-7.0.5.jar:7.0.5]
	at org.springframework.security.web.FilterChainProxy.lambda$doFilterInternal$3(FilterChainProxy.java:235) ~[spring-security-web-7.0.3.jar:7.0.3]
	at org.springframework.security.web.FilterChainProxy$VirtualFilterChain.doFilter(FilterChainProxy.java:371) ~[spring-security-web-7.0.3.jar:7.0.3]
	at org.springframework.security.web.access.intercept.AuthorizationFilter.doFilter(AuthorizationFilter.java:101) ~[spring-security-web-7.0.3.jar:7.0.3]
	at org.springframework.security.web.FilterChainProxy$VirtualFilterChain.doFilter(FilterChainProxy.java:380) ~[spring-security-web-7.0.3.jar:7.0.3]
	at org.springframework.security.web.access.ExceptionTranslationFilter.doFilter(ExceptionTranslationFilter.java:126) ~[spring-security-web-7.0.3.jar:7.0.3]
	at org.springframework.security.web.access.ExceptionTranslationFilter.doFilter(ExceptionTranslationFilter.java:120) ~[spring-security-web-7.0.3.jar:7.0.3]
	at org.springframework.security.web.FilterChainProxy$VirtualFilterChain.doFilter(FilterChainProxy.java:380) ~[spring-security-web-7.0.3.jar:7.0.3]
	at org.springframework.security.web.authentication.AnonymousAuthenticationFilter.doFilter(AnonymousAuthenticationFilter.java:100) ~[spring-security-web-7.0.3.jar:7.0.3]
	at org.springframework.security.web.FilterChainProxy$VirtualFilterChain.doFilter(FilterChainProxy.java:380) ~[spring-security-web-7.0.3.jar:7.0.3]
	at org.springframework.security.web.servletapi.SecurityContextHolderAwareRequestFilter.doFilter(SecurityContextHolderAwareRequestFilter.java:181) ~[spring-security-web-7.0.3.jar:7.0.3]
	at org.springframework.security.web.FilterChainProxy$VirtualFilterChain.doFilter(FilterChainProxy.java:380) ~[spring-security-web-7.0.3.jar:7.0.3]
	at org.springframework.security.web.savedrequest.RequestCacheAwareFilter.doFilter(RequestCacheAwareFilter.java:63) ~[spring-security-web-7.0.3.jar:7.0.3]
	at org.springframework.security.web.FilterChainProxy$VirtualFilterChain.doFilter(FilterChainProxy.java:380) ~[spring-security-web-7.0.3.jar:7.0.3]
	at org.springframework.security.web.authentication.logout.LogoutFilter.doFilter(LogoutFilter.java:110) ~[spring-security-web-7.0.3.jar:7.0.3]
	at org.springframework.security.web.authentication.logout.LogoutFilter.doFilter(LogoutFilter.java:96) ~[spring-security-web-7.0.3.jar:7.0.3]
	at org.springframework.security.web.FilterChainProxy$VirtualFilterChain.doFilter(FilterChainProxy.java:380) ~[spring-security-web-7.0.3.jar:7.0.3]
	at org.springframework.security.web.header.HeaderWriterFilter.doHeadersAfter(HeaderWriterFilter.java:90) ~[spring-security-web-7.0.3.jar:7.0.3]
	at org.springframework.security.web.header.HeaderWriterFilter.doFilterInternal(HeaderWriterFilter.java:75) ~[spring-security-web-7.0.3.jar:7.0.3]
	at org.springframework.web.filter.OncePerRequestFilter.doFilter(OncePerRequestFilter.java:116) ~[spring-web-7.0.5.jar:7.0.5]
	at org.springframework.security.web.FilterChainProxy$VirtualFilterChain.doFilter(FilterChainProxy.java:380) ~[spring-security-web-7.0.3.jar:7.0.3]
	at org.springframework.security.web.context.SecurityContextHolderFilter.doFilter(SecurityContextHolderFilter.java:82) ~[spring-security-web-7.0.3.jar:7.0.3]
	at org.springframework.security.web.context.SecurityContextHolderFilter.doFilter(SecurityContextHolderFilter.java:69) ~[spring-security-web-7.0.3.jar:7.0.3]
	at org.springframework.security.web.FilterChainProxy$VirtualFilterChain.doFilter(FilterChainProxy.java:380) ~[spring-security-web-7.0.3.jar:7.0.3]
	at org.springframework.security.web.context.request.async.WebAsyncManagerIntegrationFilter.doFilterInternal(WebAsyncManagerIntegrationFilter.java:62) ~[spring-security-web-7.0.3.jar:7.0.3]
	at org.springframework.web.filter.OncePerRequestFilter.doFilter(OncePerRequestFilter.java:116) ~[spring-web-7.0.5.jar:7.0.5]
	at org.springframework.security.web.FilterChainProxy$VirtualFilterChain.doFilter(FilterChainProxy.java:380) ~[spring-security-web-7.0.3.jar:7.0.3]
	at org.springframework.security.web.session.DisableEncodeUrlFilter.doFilterInternal(DisableEncodeUrlFilter.java:42) ~[spring-security-web-7.0.3.jar:7.0.3]
	at org.springframework.web.filter.OncePerRequestFilter.doFilter(OncePerRequestFilter.java:116) ~[spring-web-7.0.5.jar:7.0.5]
	at org.springframework.security.web.FilterChainProxy$VirtualFilterChain.doFilter(FilterChainProxy.java:380) ~[spring-security-web-7.0.3.jar:7.0.3]
	at org.springframework.security.web.FilterChainProxy.doFilterInternal(FilterChainProxy.java:237) ~[spring-security-web-7.0.3.jar:7.0.3]
	at org.springframework.security.web.FilterChainProxy.doFilter(FilterChainProxy.java:195) ~[spring-security-web-7.0.3.jar:7.0.3]
	at org.springframework.web.filter.CompositeFilter$VirtualFilterChain.doFilter(CompositeFilter.java:113) ~[spring-web-7.0.5.jar:7.0.5]
	at org.springframework.web.filter.ServletRequestPathFilter.doFilter(ServletRequestPathFilter.java:52) ~[spring-web-7.0.5.jar:7.0.5]
	at org.springframework.web.filter.CompositeFilter$VirtualFilterChain.doFilter(CompositeFilter.java:113) ~[spring-web-7.0.5.jar:7.0.5]
	at org.springframework.web.filter.CompositeFilter.doFilter(CompositeFilter.java:74) ~[spring-web-7.0.5.jar:7.0.5]
	at org.springframework.security.config.annotation.web.configuration.WebSecurityConfiguration$CompositeFilterChainProxy.doFilter(WebSecurityConfiguration.java:317) ~[spring-security-config-7.0.3.jar:7.0.3]
	at org.springframework.web.filter.DelegatingFilterProxy.invokeDelegate(DelegatingFilterProxy.java:355) ~[spring-web-7.0.5.jar:7.0.5]
	at org.springframework.web.filter.DelegatingFilterProxy.doFilter(DelegatingFilterProxy.java:272) ~[spring-web-7.0.5.jar:7.0.5]
	at org.apache.catalina.core.ApplicationFilterChain.doFilter(ApplicationFilterChain.java:107) ~[tomcat-embed-core-11.0.18.jar:11.0.18]
	at org.springframework.web.filter.RequestContextFilter.doFilterInternal(RequestContextFilter.java:100) ~[spring-web-7.0.5.jar:7.0.5]
	at org.springframework.web.filter.OncePerRequestFilter.doFilter(OncePerRequestFilter.java:116) ~[spring-web-7.0.5.jar:7.0.5]
	at org.apache.catalina.core.ApplicationFilterChain.doFilter(ApplicationFilterChain.java:107) ~[tomcat-embed-core-11.0.18.jar:11.0.18]
	at org.springframework.web.filter.FormContentFilter.doFilterInternal(FormContentFilter.java:93) ~[spring-web-7.0.5.jar:7.0.5]
	at org.springframework.web.filter.OncePerRequestFilter.doFilter(OncePerRequestFilter.java:116) ~[spring-web-7.0.5.jar:7.0.5]
	at org.apache.catalina.core.ApplicationFilterChain.doFilter(ApplicationFilterChain.java:107) ~[tomcat-embed-core-11.0.18.jar:11.0.18]
	at org.springframework.web.filter.CharacterEncodingFilter.doFilterInternal(CharacterEncodingFilter.java:199) ~[spring-web-7.0.5.jar:7.0.5]
	at org.springframework.web.filter.OncePerRequestFilter.doFilter(OncePerRequestFilter.java:116) ~[spring-web-7.0.5.jar:7.0.5]
	at org.apache.catalina.core.ApplicationFilterChain.doFilter(ApplicationFilterChain.java:107) ~[tomcat-embed-core-11.0.18.jar:11.0.18]
	at org.apache.catalina.core.StandardWrapperValve.invoke(StandardWrapperValve.java:165) ~[tomcat-embed-core-11.0.18.jar:11.0.18]
	at org.apache.catalina.core.StandardContextValve.invoke(StandardContextValve.java:77) ~[tomcat-embed-core-11.0.18.jar:11.0.18]
	at org.apache.catalina.authenticator.AuthenticatorBase.invoke(AuthenticatorBase.java:492) ~[tomcat-embed-core-11.0.18.jar:11.0.18]
	at org.apache.catalina.core.StandardHostValve.invoke(StandardHostValve.java:113) ~[tomcat-embed-core-11.0.18.jar:11.0.18]
	at org.apache.catalina.valves.ErrorReportValve.invoke(ErrorReportValve.java:83) ~[tomcat-embed-core-11.0.18.jar:11.0.18]
	at org.apache.catalina.core.StandardEngineValve.invoke(StandardEngineValve.java:72) ~[tomcat-embed-core-11.0.18.jar:11.0.18]
	at org.apache.catalina.connector.CoyoteAdapter.service(CoyoteAdapter.java:341) ~[tomcat-embed-core-11.0.18.jar:11.0.18]
	at org.apache.coyote.http11.Http11Processor.service(Http11Processor.java:397) ~[tomcat-embed-core-11.0.18.jar:11.0.18]
	at org.apache.coyote.AbstractProcessorLight.process(AbstractProcessorLight.java:63) ~[tomcat-embed-core-11.0.18.jar:11.0.18]
	at org.apache.coyote.AbstractProtocol$ConnectionHandler.process(AbstractProtocol.java:903) ~[tomcat-embed-core-11.0.18.jar:11.0.18]
	at org.apache.tomcat.util.net.NioEndpoint$SocketProcessor.doRun(NioEndpoint.java:1779) ~[tomcat-embed-core-11.0.18.jar:11.0.18]
	at org.apache.tomcat.util.net.SocketProcessorBase.run(SocketProcessorBase.java:52) ~[tomcat-embed-core-11.0.18.jar:11.0.18]
	at org.apache.tomcat.util.threads.ThreadPoolExecutor.runWorker(ThreadPoolExecutor.java:946) ~[tomcat-embed-core-11.0.18.jar:11.0.18]
	at org.apache.tomcat.util.threads.ThreadPoolExecutor$Worker.run(ThreadPoolExecutor.java:480) ~[tomcat-embed-core-11.0.18.jar:11.0.18]
	at org.apache.tomcat.util.threads.TaskThread$WrappingRunnable.run(TaskThread.java:57) ~[tomcat-embed-core-11.0.18.jar:11.0.18]
	at java.base/java.lang.Thread.run(Thread.java:1474) ~[na:na]

2026-03-24T09:26:02.525-06:00  INFO 6716 --- [back] [http-nio-8080-exec-10] c.pueblahealth.back.service.AuthService  : [INFO]Intento de login para el usuario: dylanvelarde12@gmail.com
2026-03-24T09:26:02.694-06:00  WARN 6716 --- [back] [http-nio-8080-exec-10] c.pueblahealth.back.service.AuthService  : [WARN]Intento fallido #1 para el usuario dylanvelarde12@gmail.com
2026-03-24T09:26:04.856-06:00  INFO 6716 --- [back] [http-nio-8080-exec-1] c.pueblahealth.back.service.AuthService  : [INFO]Intento de login para el usuario: dylanvelarde12@gmail.com
2026-03-24T09:26:05.020-06:00  INFO 6716 --- [back] [http-nio-8080-exec-1] c.pueblahealth.back.service.AuthService  : [SUCCESS]Login exitoso del usuario: dylanvelarde12@gmail.com
2026-03-24T09:26:06.466-06:00  INFO 6716 --- [back] [http-nio-8080-exec-3] c.pueblahealth.back.service.AuthService  : [INFO]Intento de login para el usuario: dylanvelarde12@gmail.com
2026-03-24T09:26:06.634-06:00  INFO 6716 --- [back] [http-nio-8080-exec-3] c.pueblahealth.back.service.AuthService  : [SUCCESS]Login exitoso del usuario: dylanvelarde12@gmail.com
2026-03-24T09:26:10.705-06:00 ERROR 6716 --- [back] [http-nio-8080-exec-3] o.a.c.c.C.[.[.[/].[dispatcherServlet]    : Servlet.service() for servlet [dispatcherServlet] in context with path [] threw exception [Request processing failed: org.springframework.orm.ObjectOptimisticLockingFailureException: Unexpected row count (expected row count 1 but was 0) [delete from otp_codes where id=?] for entity [com.pueblahealth.back.model.OtpCode with id '10']] with root cause

org.hibernate.StaleStateException: Unexpected row count (expected row count 1 but was 0) [delete from otp_codes where id=?]
	at org.hibernate.jdbc.Expectations.checkNonBatched(Expectations.java:93) ~[hibernate-core-7.2.4.Final.jar:7.2.4.Final]
	at org.hibernate.jdbc.Expectation$RowCount.verifyOutcome(Expectation.java:170) ~[hibernate-core-7.2.4.Final.jar:7.2.4.Final]
	at org.hibernate.engine.jdbc.mutation.internal.ModelMutationHelper.identifiedResultsCheck(ModelMutationHelper.java:60) ~[hibernate-core-7.2.4.Final.jar:7.2.4.Final]
	at org.hibernate.persister.entity.mutation.AbstractDeleteCoordinator.resultCheck(AbstractDeleteCoordinator.java:289) ~[hibernate-core-7.2.4.Final.jar:7.2.4.Final]
	at org.hibernate.persister.entity.mutation.AbstractDeleteCoordinator.lambda$doStaticDelete$0(AbstractDeleteCoordinator.java:273) ~[hibernate-core-7.2.4.Final.jar:7.2.4.Final]
	at org.hibernate.engine.jdbc.mutation.internal.ModelMutationHelper.checkResults(ModelMutationHelper.java:48) ~[hibernate-core-7.2.4.Final.jar:7.2.4.Final]
	at org.hibernate.engine.jdbc.mutation.internal.AbstractMutationExecutor.performNonBatchedMutation(AbstractMutationExecutor.java:152) ~[hibernate-core-7.2.4.Final.jar:7.2.4.Final]
	at org.hibernate.engine.jdbc.mutation.internal.MutationExecutorSingleNonBatched.performNonBatchedOperations(MutationExecutorSingleNonBatched.java:53) ~[hibernate-core-7.2.4.Final.jar:7.2.4.Final]
	at org.hibernate.engine.jdbc.mutation.internal.AbstractMutationExecutor.execute(AbstractMutationExecutor.java:66) ~[hibernate-core-7.2.4.Final.jar:7.2.4.Final]
	at org.hibernate.persister.entity.mutation.AbstractDeleteCoordinator.doStaticDelete(AbstractDeleteCoordinator.java:268) ~[hibernate-core-7.2.4.Final.jar:7.2.4.Final]
	at org.hibernate.persister.entity.mutation.AbstractDeleteCoordinator.delete(AbstractDeleteCoordinator.java:79) ~[hibernate-core-7.2.4.Final.jar:7.2.4.Final]
	at org.hibernate.action.internal.EntityDeleteAction.execute(EntityDeleteAction.java:119) ~[hibernate-core-7.2.4.Final.jar:7.2.4.Final]
	at org.hibernate.engine.spi.ActionQueue.executeActions(ActionQueue.java:634) ~[hibernate-core-7.2.4.Final.jar:7.2.4.Final]
	at org.hibernate.engine.spi.ActionQueue.executeActions(ActionQueue.java:505) ~[hibernate-core-7.2.4.Final.jar:7.2.4.Final]
	at org.hibernate.event.internal.AbstractFlushingEventListener.performExecutions(AbstractFlushingEventListener.java:381) ~[hibernate-core-7.2.4.Final.jar:7.2.4.Final]
	at org.hibernate.event.internal.DefaultFlushEventListener.onFlush(DefaultFlushEventListener.java:40) ~[hibernate-core-7.2.4.Final.jar:7.2.4.Final]
	at org.hibernate.event.service.internal.EventListenerGroupImpl.fireEventOnEachListener(EventListenerGroupImpl.java:138) ~[hibernate-core-7.2.4.Final.jar:7.2.4.Final]
	at org.hibernate.internal.SessionImpl.fireFlush(SessionImpl.java:1489) ~[hibernate-core-7.2.4.Final.jar:7.2.4.Final]
	at org.hibernate.internal.SessionImpl.managedFlush(SessionImpl.java:481) ~[hibernate-core-7.2.4.Final.jar:7.2.4.Final]
	at org.hibernate.internal.SessionImpl.flushBeforeTransactionCompletion(SessionImpl.java:2116) ~[hibernate-core-7.2.4.Final.jar:7.2.4.Final]
	at org.hibernate.internal.SessionImpl.beforeTransactionCompletion(SessionImpl.java:2038) ~[hibernate-core-7.2.4.Final.jar:7.2.4.Final]
	at org.hibernate.engine.jdbc.internal.JdbcCoordinatorImpl.beforeTransactionCompletion(JdbcCoordinatorImpl.java:410) ~[hibernate-core-7.2.4.Final.jar:7.2.4.Final]
	at org.hibernate.resource.transaction.backend.jdbc.internal.JdbcResourceLocalTransactionCoordinatorImpl.beforeCompletionCallback(JdbcResourceLocalTransactionCoordinatorImpl.java:166) ~[hibernate-core-7.2.4.Final.jar:7.2.4.Final]
	at org.hibernate.resource.transaction.backend.jdbc.internal.JdbcResourceLocalTransactionCoordinatorImpl$TransactionDriverControlImpl.commitNoRollbackOnly(JdbcResourceLocalTransactionCoordinatorImpl.java:248) ~[hibernate-core-7.2.4.Final.jar:7.2.4.Final]
	at org.hibernate.resource.transaction.backend.jdbc.internal.JdbcResourceLocalTransactionCoordinatorImpl$TransactionDriverControlImpl.commit(JdbcResourceLocalTransactionCoordinatorImpl.java:242) ~[hibernate-core-7.2.4.Final.jar:7.2.4.Final]
	at org.hibernate.engine.transaction.internal.TransactionImpl.commit(TransactionImpl.java:89) ~[hibernate-core-7.2.4.Final.jar:7.2.4.Final]
	at org.springframework.orm.jpa.JpaTransactionManager.doCommit(JpaTransactionManager.java:553) ~[spring-orm-7.0.5.jar:7.0.5]
	at org.springframework.transaction.support.AbstractPlatformTransactionManager.processCommit(AbstractPlatformTransactionManager.java:794) ~[spring-tx-7.0.5.jar:7.0.5]
	at org.springframework.transaction.support.AbstractPlatformTransactionManager.commit(AbstractPlatformTransactionManager.java:757) ~[spring-tx-7.0.5.jar:7.0.5]
	at org.springframework.transaction.interceptor.TransactionAspectSupport.commitTransactionAfterReturning(TransactionAspectSupport.java:687) ~[spring-tx-7.0.5.jar:7.0.5]
	at org.springframework.transaction.interceptor.TransactionAspectSupport.invokeWithinTransaction(TransactionAspectSupport.java:408) ~[spring-tx-7.0.5.jar:7.0.5]
	at org.springframework.transaction.interceptor.TransactionInterceptor.invoke(TransactionInterceptor.java:130) ~[spring-tx-7.0.5.jar:7.0.5]
	at org.springframework.aop.framework.ReflectiveMethodInvocation.proceed(ReflectiveMethodInvocation.java:179) ~[spring-aop-7.0.5.jar:7.0.5]
	at org.springframework.aop.framework.CglibAopProxy$DynamicAdvisedInterceptor.intercept(CglibAopProxy.java:719) ~[spring-aop-7.0.5.jar:7.0.5]
	at com.pueblahealth.back.service.AuthService$$SpringCGLIB$$0.login(<generated>) ~[classes/:na]
	at com.pueblahealth.back.controller.AuthController.login(AuthController.java:30) ~[classes/:na]
	at java.base/jdk.internal.reflect.DirectMethodHandleAccessor.invoke(DirectMethodHandleAccessor.java:104) ~[na:na]
	at java.base/java.lang.reflect.Method.invoke(Method.java:565) ~[na:na]
	at org.springframework.web.method.support.InvocableHandlerMethod.doInvoke(InvocableHandlerMethod.java:252) ~[spring-web-7.0.5.jar:7.0.5]
	at org.springframework.web.method.support.InvocableHandlerMethod.invokeForRequest(InvocableHandlerMethod.java:184) ~[spring-web-7.0.5.jar:7.0.5]
	at org.springframework.web.servlet.mvc.method.annotation.ServletInvocableHandlerMethod.invokeAndHandle(ServletInvocableHandlerMethod.java:117) ~[spring-webmvc-7.0.5.jar:7.0.5]
	at org.springframework.web.servlet.mvc.method.annotation.RequestMappingHandlerAdapter.invokeHandlerMethod(RequestMappingHandlerAdapter.java:934) ~[spring-webmvc-7.0.5.jar:7.0.5]
	at org.springframework.web.servlet.mvc.method.annotation.RequestMappingHandlerAdapter.handleInternal(RequestMappingHandlerAdapter.java:853) ~[spring-webmvc-7.0.5.jar:7.0.5]
	at org.springframework.web.servlet.mvc.method.AbstractHandlerMethodAdapter.handle(AbstractHandlerMethodAdapter.java:86) ~[spring-webmvc-7.0.5.jar:7.0.5]
	at org.springframework.web.servlet.DispatcherServlet.doDispatch(DispatcherServlet.java:963) ~[spring-webmvc-7.0.5.jar:7.0.5]
	at org.springframework.web.servlet.DispatcherServlet.doService(DispatcherServlet.java:866) ~[spring-webmvc-7.0.5.jar:7.0.5]
	at org.springframework.web.servlet.FrameworkServlet.processRequest(FrameworkServlet.java:1000) ~[spring-webmvc-7.0.5.jar:7.0.5]
	at org.springframework.web.servlet.FrameworkServlet.doPost(FrameworkServlet.java:903) ~[spring-webmvc-7.0.5.jar:7.0.5]
	at jakarta.servlet.http.HttpServlet.service(HttpServlet.java:649) ~[tomcat-embed-core-11.0.18.jar:6.1]
	at org.springframework.web.servlet.FrameworkServlet.service(FrameworkServlet.java:874) ~[spring-webmvc-7.0.5.jar:7.0.5]
	at jakarta.servlet.http.HttpServlet.service(HttpServlet.java:710) ~[tomcat-embed-core-11.0.18.jar:6.1]
	at org.apache.catalina.core.ApplicationFilterChain.doFilter(ApplicationFilterChain.java:128) ~[tomcat-embed-core-11.0.18.jar:11.0.18]
	at org.apache.tomcat.websocket.server.WsFilter.doFilter(WsFilter.java:53) ~[tomcat-embed-websocket-11.0.18.jar:11.0.18]
	at org.apache.catalina.core.ApplicationFilterChain.doFilter(ApplicationFilterChain.java:107) ~[tomcat-embed-core-11.0.18.jar:11.0.18]
	at org.springframework.web.filter.CompositeFilter$VirtualFilterChain.doFilter(CompositeFilter.java:108) ~[spring-web-7.0.5.jar:7.0.5]
	at org.springframework.security.web.FilterChainProxy.lambda$doFilterInternal$3(FilterChainProxy.java:235) ~[spring-security-web-7.0.3.jar:7.0.3]
	at org.springframework.security.web.FilterChainProxy$VirtualFilterChain.doFilter(FilterChainProxy.java:371) ~[spring-security-web-7.0.3.jar:7.0.3]
	at org.springframework.security.web.access.intercept.AuthorizationFilter.doFilter(AuthorizationFilter.java:101) ~[spring-security-web-7.0.3.jar:7.0.3]
	at org.springframework.security.web.FilterChainProxy$VirtualFilterChain.doFilter(FilterChainProxy.java:380) ~[spring-security-web-7.0.3.jar:7.0.3]
	at org.springframework.security.web.access.ExceptionTranslationFilter.doFilter(ExceptionTranslationFilter.java:126) ~[spring-security-web-7.0.3.jar:7.0.3]
	at org.springframework.security.web.access.ExceptionTranslationFilter.doFilter(ExceptionTranslationFilter.java:120) ~[spring-security-web-7.0.3.jar:7.0.3]
	at org.springframework.security.web.FilterChainProxy$VirtualFilterChain.doFilter(FilterChainProxy.java:380) ~[spring-security-web-7.0.3.jar:7.0.3]
	at org.springframework.security.web.authentication.AnonymousAuthenticationFilter.doFilter(AnonymousAuthenticationFilter.java:100) ~[spring-security-web-7.0.3.jar:7.0.3]
	at org.springframework.security.web.FilterChainProxy$VirtualFilterChain.doFilter(FilterChainProxy.java:380) ~[spring-security-web-7.0.3.jar:7.0.3]
	at org.springframework.security.web.servletapi.SecurityContextHolderAwareRequestFilter.doFilter(SecurityContextHolderAwareRequestFilter.java:181) ~[spring-security-web-7.0.3.jar:7.0.3]
	at org.springframework.security.web.FilterChainProxy$VirtualFilterChain.doFilter(FilterChainProxy.java:380) ~[spring-security-web-7.0.3.jar:7.0.3]
	at org.springframework.security.web.savedrequest.RequestCacheAwareFilter.doFilter(RequestCacheAwareFilter.java:63) ~[spring-security-web-7.0.3.jar:7.0.3]
	at org.springframework.security.web.FilterChainProxy$VirtualFilterChain.doFilter(FilterChainProxy.java:380) ~[spring-security-web-7.0.3.jar:7.0.3]
	at org.springframework.security.web.authentication.logout.LogoutFilter.doFilter(LogoutFilter.java:110) ~[spring-security-web-7.0.3.jar:7.0.3]
	at org.springframework.security.web.authentication.logout.LogoutFilter.doFilter(LogoutFilter.java:96) ~[spring-security-web-7.0.3.jar:7.0.3]
	at org.springframework.security.web.FilterChainProxy$VirtualFilterChain.doFilter(FilterChainProxy.java:380) ~[spring-security-web-7.0.3.jar:7.0.3]
	at org.springframework.security.web.header.HeaderWriterFilter.doHeadersAfter(HeaderWriterFilter.java:90) ~[spring-security-web-7.0.3.jar:7.0.3]
	at org.springframework.security.web.header.HeaderWriterFilter.doFilterInternal(HeaderWriterFilter.java:75) ~[spring-security-web-7.0.3.jar:7.0.3]
	at org.springframework.web.filter.OncePerRequestFilter.doFilter(OncePerRequestFilter.java:116) ~[spring-web-7.0.5.jar:7.0.5]
	at org.springframework.security.web.FilterChainProxy$VirtualFilterChain.doFilter(FilterChainProxy.java:380) ~[spring-security-web-7.0.3.jar:7.0.3]
	at org.springframework.security.web.context.SecurityContextHolderFilter.doFilter(SecurityContextHolderFilter.java:82) ~[spring-security-web-7.0.3.jar:7.0.3]
	at org.springframework.security.web.context.SecurityContextHolderFilter.doFilter(SecurityContextHolderFilter.java:69) ~[spring-security-web-7.0.3.jar:7.0.3]
	at org.springframework.security.web.FilterChainProxy$VirtualFilterChain.doFilter(FilterChainProxy.java:380) ~[spring-security-web-7.0.3.jar:7.0.3]
	at org.springframework.security.web.context.request.async.WebAsyncManagerIntegrationFilter.doFilterInternal(WebAsyncManagerIntegrationFilter.java:62) ~[spring-security-web-7.0.3.jar:7.0.3]
	at org.springframework.web.filter.OncePerRequestFilter.doFilter(OncePerRequestFilter.java:116) ~[spring-web-7.0.5.jar:7.0.5]
	at org.springframework.security.web.FilterChainProxy$VirtualFilterChain.doFilter(FilterChainProxy.java:380) ~[spring-security-web-7.0.3.jar:7.0.3]
	at org.springframework.security.web.session.DisableEncodeUrlFilter.doFilterInternal(DisableEncodeUrlFilter.java:42) ~[spring-security-web-7.0.3.jar:7.0.3]
	at org.springframework.web.filter.OncePerRequestFilter.doFilter(OncePerRequestFilter.java:116) ~[spring-web-7.0.5.jar:7.0.5]
	at org.springframework.security.web.FilterChainProxy$VirtualFilterChain.doFilter(FilterChainProxy.java:380) ~[spring-security-web-7.0.3.jar:7.0.3]
	at org.springframework.security.web.FilterChainProxy.doFilterInternal(FilterChainProxy.java:237) ~[spring-security-web-7.0.3.jar:7.0.3]
	at org.springframework.security.web.FilterChainProxy.doFilter(FilterChainProxy.java:195) ~[spring-security-web-7.0.3.jar:7.0.3]
	at org.springframework.web.filter.CompositeFilter$VirtualFilterChain.doFilter(CompositeFilter.java:113) ~[spring-web-7.0.5.jar:7.0.5]
	at org.springframework.web.filter.ServletRequestPathFilter.doFilter(ServletRequestPathFilter.java:52) ~[spring-web-7.0.5.jar:7.0.5]
	at org.springframework.web.filter.CompositeFilter$VirtualFilterChain.doFilter(CompositeFilter.java:113) ~[spring-web-7.0.5.jar:7.0.5]
	at org.springframework.web.filter.CompositeFilter.doFilter(CompositeFilter.java:74) ~[spring-web-7.0.5.jar:7.0.5]
	at org.springframework.security.config.annotation.web.configuration.WebSecurityConfiguration$CompositeFilterChainProxy.doFilter(WebSecurityConfiguration.java:317) ~[spring-security-config-7.0.3.jar:7.0.3]
	at org.springframework.web.filter.DelegatingFilterProxy.invokeDelegate(DelegatingFilterProxy.java:355) ~[spring-web-7.0.5.jar:7.0.5]
	at org.springframework.web.filter.DelegatingFilterProxy.doFilter(DelegatingFilterProxy.java:272) ~[spring-web-7.0.5.jar:7.0.5]
	at org.apache.catalina.core.ApplicationFilterChain.doFilter(ApplicationFilterChain.java:107) ~[tomcat-embed-core-11.0.18.jar:11.0.18]
	at org.springframework.web.filter.RequestContextFilter.doFilterInternal(RequestContextFilter.java:100) ~[spring-web-7.0.5.jar:7.0.5]
	at org.springframework.web.filter.OncePerRequestFilter.doFilter(OncePerRequestFilter.java:116) ~[spring-web-7.0.5.jar:7.0.5]
	at org.apache.catalina.core.ApplicationFilterChain.doFilter(ApplicationFilterChain.java:107) ~[tomcat-embed-core-11.0.18.jar:11.0.18]
	at org.springframework.web.filter.FormContentFilter.doFilterInternal(FormContentFilter.java:93) ~[spring-web-7.0.5.jar:7.0.5]
	at org.springframework.web.filter.OncePerRequestFilter.doFilter(OncePerRequestFilter.java:116) ~[spring-web-7.0.5.jar:7.0.5]
	at org.apache.catalina.core.ApplicationFilterChain.doFilter(ApplicationFilterChain.java:107) ~[tomcat-embed-core-11.0.18.jar:11.0.18]
	at org.springframework.web.filter.CharacterEncodingFilter.doFilterInternal(CharacterEncodingFilter.java:199) ~[spring-web-7.0.5.jar:7.0.5]
	at org.springframework.web.filter.OncePerRequestFilter.doFilter(OncePerRequestFilter.java:116) ~[spring-web-7.0.5.jar:7.0.5]
	at org.apache.catalina.core.ApplicationFilterChain.doFilter(ApplicationFilterChain.java:107) ~[tomcat-embed-core-11.0.18.jar:11.0.18]
	at org.apache.catalina.core.StandardWrapperValve.invoke(StandardWrapperValve.java:165) ~[tomcat-embed-core-11.0.18.jar:11.0.18]
	at org.apache.catalina.core.StandardContextValve.invoke(StandardContextValve.java:77) ~[tomcat-embed-core-11.0.18.jar:11.0.18]
	at org.apache.catalina.authenticator.AuthenticatorBase.invoke(AuthenticatorBase.java:492) ~[tomcat-embed-core-11.0.18.jar:11.0.18]
	at org.apache.catalina.core.StandardHostValve.invoke(StandardHostValve.java:113) ~[tomcat-embed-core-11.0.18.jar:11.0.18]
	at org.apache.catalina.valves.ErrorReportValve.invoke(ErrorReportValve.java:83) ~[tomcat-embed-core-11.0.18.jar:11.0.18]
	at org.apache.catalina.core.StandardEngineValve.invoke(StandardEngineValve.java:72) ~[tomcat-embed-core-11.0.18.jar:11.0.18]
	at org.apache.catalina.connector.CoyoteAdapter.service(CoyoteAdapter.java:341) ~[tomcat-embed-core-11.0.18.jar:11.0.18]
	at org.apache.coyote.http11.Http11Processor.service(Http11Processor.java:397) ~[tomcat-embed-core-11.0.18.jar:11.0.18]
	at org.apache.coyote.AbstractProcessorLight.process(AbstractProcessorLight.java:63) ~[tomcat-embed-core-11.0.18.jar:11.0.18]
	at org.apache.coyote.AbstractProtocol$ConnectionHandler.process(AbstractProtocol.java:903) ~[tomcat-embed-core-11.0.18.jar:11.0.18]
	at org.apache.tomcat.util.net.NioEndpoint$SocketProcessor.doRun(NioEndpoint.java:1779) ~[tomcat-embed-core-11.0.18.jar:11.0.18]
	at org.apache.tomcat.util.net.SocketProcessorBase.run(SocketProcessorBase.java:52) ~[tomcat-embed-core-11.0.18.jar:11.0.18]
	at org.apache.tomcat.util.threads.ThreadPoolExecutor.runWorker(ThreadPoolExecutor.java:946) ~[tomcat-embed-core-11.0.18.jar:11.0.18]
	at org.apache.tomcat.util.threads.ThreadPoolExecutor$Worker.run(ThreadPoolExecutor.java:480) ~[tomcat-embed-core-11.0.18.jar:11.0.18]
	at org.apache.tomcat.util.threads.TaskThread$WrappingRunnable.run(TaskThread.java:57) ~[tomcat-embed-core-11.0.18.jar:11.0.18]
	at java.base/java.lang.Thread.run(Thread.java:1474) ~[na:na]

2026-03-24T09:26:43.355-06:00 ERROR 6716 --- [back] [http-nio-8080-exec-2] o.a.c.c.C.[.[.[/].[dispatcherServlet]    : Servlet.service() for servlet [dispatcherServlet] in context with path [] threw exception [Request processing failed: java.lang.RuntimeException: OTP incorrecto] with root cause

java.lang.RuntimeException: OTP incorrecto
	at com.pueblahealth.back.service.AuthService.verifyOtp(AuthService.java:209) ~[classes/:na]
	at java.base/jdk.internal.reflect.DirectMethodHandleAccessor.invoke(DirectMethodHandleAccessor.java:104) ~[na:na]
	at java.base/java.lang.reflect.Method.invoke(Method.java:565) ~[na:na]
	at org.springframework.aop.support.AopUtils.invokeJoinpointUsingReflection(AopUtils.java:359) ~[spring-aop-7.0.5.jar:7.0.5]
	at org.springframework.aop.framework.CglibAopProxy$DynamicAdvisedInterceptor.intercept(CglibAopProxy.java:715) ~[spring-aop-7.0.5.jar:7.0.5]
	at com.pueblahealth.back.service.AuthService$$SpringCGLIB$$0.verifyOtp(<generated>) ~[classes/:na]
	at com.pueblahealth.back.controller.AuthController.verifyOtp(AuthController.java:36) ~[classes/:na]
	at java.base/jdk.internal.reflect.DirectMethodHandleAccessor.invoke(DirectMethodHandleAccessor.java:104) ~[na:na]
	at java.base/java.lang.reflect.Method.invoke(Method.java:565) ~[na:na]
	at org.springframework.web.method.support.InvocableHandlerMethod.doInvoke(InvocableHandlerMethod.java:252) ~[spring-web-7.0.5.jar:7.0.5]
	at org.springframework.web.method.support.InvocableHandlerMethod.invokeForRequest(InvocableHandlerMethod.java:184) ~[spring-web-7.0.5.jar:7.0.5]
	at org.springframework.web.servlet.mvc.method.annotation.ServletInvocableHandlerMethod.invokeAndHandle(ServletInvocableHandlerMethod.java:117) ~[spring-webmvc-7.0.5.jar:7.0.5]
	at org.springframework.web.servlet.mvc.method.annotation.RequestMappingHandlerAdapter.invokeHandlerMethod(RequestMappingHandlerAdapter.java:934) ~[spring-webmvc-7.0.5.jar:7.0.5]
	at org.springframework.web.servlet.mvc.method.annotation.RequestMappingHandlerAdapter.handleInternal(RequestMappingHandlerAdapter.java:853) ~[spring-webmvc-7.0.5.jar:7.0.5]
	at org.springframework.web.servlet.mvc.method.AbstractHandlerMethodAdapter.handle(AbstractHandlerMethodAdapter.java:86) ~[spring-webmvc-7.0.5.jar:7.0.5]
	at org.springframework.web.servlet.DispatcherServlet.doDispatch(DispatcherServlet.java:963) ~[spring-webmvc-7.0.5.jar:7.0.5]
	at org.springframework.web.servlet.DispatcherServlet.doService(DispatcherServlet.java:866) ~[spring-webmvc-7.0.5.jar:7.0.5]
	at org.springframework.web.servlet.FrameworkServlet.processRequest(FrameworkServlet.java:1000) ~[spring-webmvc-7.0.5.jar:7.0.5]
	at org.springframework.web.servlet.FrameworkServlet.doPost(FrameworkServlet.java:903) ~[spring-webmvc-7.0.5.jar:7.0.5]
	at jakarta.servlet.http.HttpServlet.service(HttpServlet.java:649) ~[tomcat-embed-core-11.0.18.jar:6.1]
	at org.springframework.web.servlet.FrameworkServlet.service(FrameworkServlet.java:874) ~[spring-webmvc-7.0.5.jar:7.0.5]
	at jakarta.servlet.http.HttpServlet.service(HttpServlet.java:710) ~[tomcat-embed-core-11.0.18.jar:6.1]
	at org.apache.catalina.core.ApplicationFilterChain.doFilter(ApplicationFilterChain.java:128) ~[tomcat-embed-core-11.0.18.jar:11.0.18]
	at org.apache.tomcat.websocket.server.WsFilter.doFilter(WsFilter.java:53) ~[tomcat-embed-websocket-11.0.18.jar:11.0.18]
	at org.apache.catalina.core.ApplicationFilterChain.doFilter(ApplicationFilterChain.java:107) ~[tomcat-embed-core-11.0.18.jar:11.0.18]
	at org.springframework.web.filter.CompositeFilter$VirtualFilterChain.doFilter(CompositeFilter.java:108) ~[spring-web-7.0.5.jar:7.0.5]
	at org.springframework.security.web.FilterChainProxy.lambda$doFilterInternal$3(FilterChainProxy.java:235) ~[spring-security-web-7.0.3.jar:7.0.3]
	at org.springframework.security.web.FilterChainProxy$VirtualFilterChain.doFilter(FilterChainProxy.java:371) ~[spring-security-web-7.0.3.jar:7.0.3]
	at org.springframework.security.web.access.intercept.AuthorizationFilter.doFilter(AuthorizationFilter.java:101) ~[spring-security-web-7.0.3.jar:7.0.3]
	at org.springframework.security.web.FilterChainProxy$VirtualFilterChain.doFilter(FilterChainProxy.java:380) ~[spring-security-web-7.0.3.jar:7.0.3]
	at org.springframework.security.web.access.ExceptionTranslationFilter.doFilter(ExceptionTranslationFilter.java:126) ~[spring-security-web-7.0.3.jar:7.0.3]
	at org.springframework.security.web.access.ExceptionTranslationFilter.doFilter(ExceptionTranslationFilter.java:120) ~[spring-security-web-7.0.3.jar:7.0.3]
	at org.springframework.security.web.FilterChainProxy$VirtualFilterChain.doFilter(FilterChainProxy.java:380) ~[spring-security-web-7.0.3.jar:7.0.3]
	at org.springframework.security.web.authentication.AnonymousAuthenticationFilter.doFilter(AnonymousAuthenticationFilter.java:100) ~[spring-security-web-7.0.3.jar:7.0.3]
	at org.springframework.security.web.FilterChainProxy$VirtualFilterChain.doFilter(FilterChainProxy.java:380) ~[spring-security-web-7.0.3.jar:7.0.3]
	at org.springframework.security.web.servletapi.SecurityContextHolderAwareRequestFilter.doFilter(SecurityContextHolderAwareRequestFilter.java:181) ~[spring-security-web-7.0.3.jar:7.0.3]
	at org.springframework.security.web.FilterChainProxy$VirtualFilterChain.doFilter(FilterChainProxy.java:380) ~[spring-security-web-7.0.3.jar:7.0.3]
	at org.springframework.security.web.savedrequest.RequestCacheAwareFilter.doFilter(RequestCacheAwareFilter.java:63) ~[spring-security-web-7.0.3.jar:7.0.3]
	at org.springframework.security.web.FilterChainProxy$VirtualFilterChain.doFilter(FilterChainProxy.java:380) ~[spring-security-web-7.0.3.jar:7.0.3]
	at org.springframework.security.web.authentication.logout.LogoutFilter.doFilter(LogoutFilter.java:110) ~[spring-security-web-7.0.3.jar:7.0.3]
	at org.springframework.security.web.authentication.logout.LogoutFilter.doFilter(LogoutFilter.java:96) ~[spring-security-web-7.0.3.jar:7.0.3]
	at org.springframework.security.web.FilterChainProxy$VirtualFilterChain.doFilter(FilterChainProxy.java:380) ~[spring-security-web-7.0.3.jar:7.0.3]
	at org.springframework.security.web.header.HeaderWriterFilter.doHeadersAfter(HeaderWriterFilter.java:90) ~[spring-security-web-7.0.3.jar:7.0.3]
	at org.springframework.security.web.header.HeaderWriterFilter.doFilterInternal(HeaderWriterFilter.java:75) ~[spring-security-web-7.0.3.jar:7.0.3]
	at org.springframework.web.filter.OncePerRequestFilter.doFilter(OncePerRequestFilter.java:116) ~[spring-web-7.0.5.jar:7.0.5]
	at org.springframework.security.web.FilterChainProxy$VirtualFilterChain.doFilter(FilterChainProxy.java:380) ~[spring-security-web-7.0.3.jar:7.0.3]
	at org.springframework.security.web.context.SecurityContextHolderFilter.doFilter(SecurityContextHolderFilter.java:82) ~[spring-security-web-7.0.3.jar:7.0.3]
	at org.springframework.security.web.context.SecurityContextHolderFilter.doFilter(SecurityContextHolderFilter.java:69) ~[spring-security-web-7.0.3.jar:7.0.3]
	at org.springframework.security.web.FilterChainProxy$VirtualFilterChain.doFilter(FilterChainProxy.java:380) ~[spring-security-web-7.0.3.jar:7.0.3]
	at org.springframework.security.web.context.request.async.WebAsyncManagerIntegrationFilter.doFilterInternal(WebAsyncManagerIntegrationFilter.java:62) ~[spring-security-web-7.0.3.jar:7.0.3]
	at org.springframework.web.filter.OncePerRequestFilter.doFilter(OncePerRequestFilter.java:116) ~[spring-web-7.0.5.jar:7.0.5]
	at org.springframework.security.web.FilterChainProxy$VirtualFilterChain.doFilter(FilterChainProxy.java:380) ~[spring-security-web-7.0.3.jar:7.0.3]
	at org.springframework.security.web.session.DisableEncodeUrlFilter.doFilterInternal(DisableEncodeUrlFilter.java:42) ~[spring-security-web-7.0.3.jar:7.0.3]
	at org.springframework.web.filter.OncePerRequestFilter.doFilter(OncePerRequestFilter.java:116) ~[spring-web-7.0.5.jar:7.0.5]
	at org.springframework.security.web.FilterChainProxy$VirtualFilterChain.doFilter(FilterChainProxy.java:380) ~[spring-security-web-7.0.3.jar:7.0.3]
	at org.springframework.security.web.FilterChainProxy.doFilterInternal(FilterChainProxy.java:237) ~[spring-security-web-7.0.3.jar:7.0.3]
	at org.springframework.security.web.FilterChainProxy.doFilter(FilterChainProxy.java:195) ~[spring-security-web-7.0.3.jar:7.0.3]
	at org.springframework.web.filter.CompositeFilter$VirtualFilterChain.doFilter(CompositeFilter.java:113) ~[spring-web-7.0.5.jar:7.0.5]
	at org.springframework.web.filter.ServletRequestPathFilter.doFilter(ServletRequestPathFilter.java:52) ~[spring-web-7.0.5.jar:7.0.5]
	at org.springframework.web.filter.CompositeFilter$VirtualFilterChain.doFilter(CompositeFilter.java:113) ~[spring-web-7.0.5.jar:7.0.5]
	at org.springframework.web.filter.CompositeFilter.doFilter(CompositeFilter.java:74) ~[spring-web-7.0.5.jar:7.0.5]
	at org.springframework.security.config.annotation.web.configuration.WebSecurityConfiguration$CompositeFilterChainProxy.doFilter(WebSecurityConfiguration.java:317) ~[spring-security-config-7.0.3.jar:7.0.3]
	at org.springframework.web.filter.DelegatingFilterProxy.invokeDelegate(DelegatingFilterProxy.java:355) ~[spring-web-7.0.5.jar:7.0.5]
	at org.springframework.web.filter.DelegatingFilterProxy.doFilter(DelegatingFilterProxy.java:272) ~[spring-web-7.0.5.jar:7.0.5]
	at org.apache.catalina.core.ApplicationFilterChain.doFilter(ApplicationFilterChain.java:107) ~[tomcat-embed-core-11.0.18.jar:11.0.18]
	at org.springframework.web.filter.RequestContextFilter.doFilterInternal(RequestContextFilter.java:100) ~[spring-web-7.0.5.jar:7.0.5]
	at org.springframework.web.filter.OncePerRequestFilter.doFilter(OncePerRequestFilter.java:116) ~[spring-web-7.0.5.jar:7.0.5]
	at org.apache.catalina.core.ApplicationFilterChain.doFilter(ApplicationFilterChain.java:107) ~[tomcat-embed-core-11.0.18.jar:11.0.18]
	at org.springframework.web.filter.FormContentFilter.doFilterInternal(FormContentFilter.java:93) ~[spring-web-7.0.5.jar:7.0.5]
	at org.springframework.web.filter.OncePerRequestFilter.doFilter(OncePerRequestFilter.java:116) ~[spring-web-7.0.5.jar:7.0.5]
	at org.apache.catalina.core.ApplicationFilterChain.doFilter(ApplicationFilterChain.java:107) ~[tomcat-embed-core-11.0.18.jar:11.0.18]
	at org.springframework.web.filter.CharacterEncodingFilter.doFilterInternal(CharacterEncodingFilter.java:199) ~[spring-web-7.0.5.jar:7.0.5]
	at org.springframework.web.filter.OncePerRequestFilter.doFilter(OncePerRequestFilter.java:116) ~[spring-web-7.0.5.jar:7.0.5]
	at org.apache.catalina.core.ApplicationFilterChain.doFilter(ApplicationFilterChain.java:107) ~[tomcat-embed-core-11.0.18.jar:11.0.18]
	at org.apache.catalina.core.StandardWrapperValve.invoke(StandardWrapperValve.java:165) ~[tomcat-embed-core-11.0.18.jar:11.0.18]
	at org.apache.catalina.core.StandardContextValve.invoke(StandardContextValve.java:77) ~[tomcat-embed-core-11.0.18.jar:11.0.18]
	at org.apache.catalina.authenticator.AuthenticatorBase.invoke(AuthenticatorBase.java:492) ~[tomcat-embed-core-11.0.18.jar:11.0.18]
	at org.apache.catalina.core.StandardHostValve.invoke(StandardHostValve.java:113) ~[tomcat-embed-core-11.0.18.jar:11.0.18]
	at org.apache.catalina.valves.ErrorReportValve.invoke(ErrorReportValve.java:83) ~[tomcat-embed-core-11.0.18.jar:11.0.18]
	at org.apache.catalina.core.StandardEngineValve.invoke(StandardEngineValve.java:72) ~[tomcat-embed-core-11.0.18.jar:11.0.18]
	at org.apache.catalina.connector.CoyoteAdapter.service(CoyoteAdapter.java:341) ~[tomcat-embed-core-11.0.18.jar:11.0.18]
	at org.apache.coyote.http11.Http11Processor.service(Http11Processor.java:397) ~[tomcat-embed-core-11.0.18.jar:11.0.18]
	at org.apache.coyote.AbstractProcessorLight.process(AbstractProcessorLight.java:63) ~[tomcat-embed-core-11.0.18.jar:11.0.18]
	at org.apache.coyote.AbstractProtocol$ConnectionHandler.process(AbstractProtocol.java:903) ~[tomcat-embed-core-11.0.18.jar:11.0.18]
	at org.apache.tomcat.util.net.NioEndpoint$SocketProcessor.doRun(NioEndpoint.java:1779) ~[tomcat-embed-core-11.0.18.jar:11.0.18]
	at org.apache.tomcat.util.net.SocketProcessorBase.run(SocketProcessorBase.java:52) ~[tomcat-embed-core-11.0.18.jar:11.0.18]
	at org.apache.tomcat.util.threads.ThreadPoolExecutor.runWorker(ThreadPoolExecutor.java:946) ~[tomcat-embed-core-11.0.18.jar:11.0.18]
	at org.apache.tomcat.util.threads.ThreadPoolExecutor$Worker.run(ThreadPoolExecutor.java:480) ~[tomcat-embed-core-11.0.18.jar:11.0.18]
	at org.apache.tomcat.util.threads.TaskThread$WrappingRunnable.run(TaskThread.java:57) ~[tomcat-embed-core-11.0.18.jar:11.0.18]
	at java.base/java.lang.Thread.run(Thread.java:1474) ~[na:na]

2026-03-24T09:26:46.370-06:00 ERROR 6716 --- [back] [http-nio-8080-exec-7] o.a.c.c.C.[.[.[/].[dispatcherServlet]    : Servlet.service() for servlet [dispatcherServlet] in context with path [] threw exception [Request processing failed: java.lang.RuntimeException: OTP incorrecto] with root cause

java.lang.RuntimeException: OTP incorrecto
	at com.pueblahealth.back.service.AuthService.verifyOtp(AuthService.java:209) ~[classes/:na]
	at java.base/jdk.internal.reflect.DirectMethodHandleAccessor.invoke(DirectMethodHandleAccessor.java:104) ~[na:na]
	at java.base/java.lang.reflect.Method.invoke(Method.java:565) ~[na:na]
	at org.springframework.aop.support.AopUtils.invokeJoinpointUsingReflection(AopUtils.java:359) ~[spring-aop-7.0.5.jar:7.0.5]
	at org.springframework.aop.framework.CglibAopProxy$DynamicAdvisedInterceptor.intercept(CglibAopProxy.java:715) ~[spring-aop-7.0.5.jar:7.0.5]
	at com.pueblahealth.back.service.AuthService$$SpringCGLIB$$0.verifyOtp(<generated>) ~[classes/:na]
	at com.pueblahealth.back.controller.AuthController.verifyOtp(AuthController.java:36) ~[classes/:na]
	at java.base/jdk.internal.reflect.DirectMethodHandleAccessor.invoke(DirectMethodHandleAccessor.java:104) ~[na:na]
	at java.base/java.lang.reflect.Method.invoke(Method.java:565) ~[na:na]
	at org.springframework.web.method.support.InvocableHandlerMethod.doInvoke(InvocableHandlerMethod.java:252) ~[spring-web-7.0.5.jar:7.0.5]
	at org.springframework.web.method.support.InvocableHandlerMethod.invokeForRequest(InvocableHandlerMethod.java:184) ~[spring-web-7.0.5.jar:7.0.5]
	at org.springframework.web.servlet.mvc.method.annotation.ServletInvocableHandlerMethod.invokeAndHandle(ServletInvocableHandlerMethod.java:117) ~[spring-webmvc-7.0.5.jar:7.0.5]
	at org.springframework.web.servlet.mvc.method.annotation.RequestMappingHandlerAdapter.invokeHandlerMethod(RequestMappingHandlerAdapter.java:934) ~[spring-webmvc-7.0.5.jar:7.0.5]
	at org.springframework.web.servlet.mvc.method.annotation.RequestMappingHandlerAdapter.handleInternal(RequestMappingHandlerAdapter.java:853) ~[spring-webmvc-7.0.5.jar:7.0.5]
	at org.springframework.web.servlet.mvc.method.AbstractHandlerMethodAdapter.handle(AbstractHandlerMethodAdapter.java:86) ~[spring-webmvc-7.0.5.jar:7.0.5]
	at org.springframework.web.servlet.DispatcherServlet.doDispatch(DispatcherServlet.java:963) ~[spring-webmvc-7.0.5.jar:7.0.5]
	at org.springframework.web.servlet.DispatcherServlet.doService(DispatcherServlet.java:866) ~[spring-webmvc-7.0.5.jar:7.0.5]
	at org.springframework.web.servlet.FrameworkServlet.processRequest(FrameworkServlet.java:1000) ~[spring-webmvc-7.0.5.jar:7.0.5]
	at org.springframework.web.servlet.FrameworkServlet.doPost(FrameworkServlet.java:903) ~[spring-webmvc-7.0.5.jar:7.0.5]
	at jakarta.servlet.http.HttpServlet.service(HttpServlet.java:649) ~[tomcat-embed-core-11.0.18.jar:6.1]
	at org.springframework.web.servlet.FrameworkServlet.service(FrameworkServlet.java:874) ~[spring-webmvc-7.0.5.jar:7.0.5]
	at jakarta.servlet.http.HttpServlet.service(HttpServlet.java:710) ~[tomcat-embed-core-11.0.18.jar:6.1]
	at org.apache.catalina.core.ApplicationFilterChain.doFilter(ApplicationFilterChain.java:128) ~[tomcat-embed-core-11.0.18.jar:11.0.18]
	at org.apache.tomcat.websocket.server.WsFilter.doFilter(WsFilter.java:53) ~[tomcat-embed-websocket-11.0.18.jar:11.0.18]
	at org.apache.catalina.core.ApplicationFilterChain.doFilter(ApplicationFilterChain.java:107) ~[tomcat-embed-core-11.0.18.jar:11.0.18]
	at org.springframework.web.filter.CompositeFilter$VirtualFilterChain.doFilter(CompositeFilter.java:108) ~[spring-web-7.0.5.jar:7.0.5]
	at org.springframework.security.web.FilterChainProxy.lambda$doFilterInternal$3(FilterChainProxy.java:235) ~[spring-security-web-7.0.3.jar:7.0.3]
	at org.springframework.security.web.FilterChainProxy$VirtualFilterChain.doFilter(FilterChainProxy.java:371) ~[spring-security-web-7.0.3.jar:7.0.3]
	at org.springframework.security.web.access.intercept.AuthorizationFilter.doFilter(AuthorizationFilter.java:101) ~[spring-security-web-7.0.3.jar:7.0.3]
	at org.springframework.security.web.FilterChainProxy$VirtualFilterChain.doFilter(FilterChainProxy.java:380) ~[spring-security-web-7.0.3.jar:7.0.3]
	at org.springframework.security.web.access.ExceptionTranslationFilter.doFilter(ExceptionTranslationFilter.java:126) ~[spring-security-web-7.0.3.jar:7.0.3]
	at org.springframework.security.web.access.ExceptionTranslationFilter.doFilter(ExceptionTranslationFilter.java:120) ~[spring-security-web-7.0.3.jar:7.0.3]
	at org.springframework.security.web.FilterChainProxy$VirtualFilterChain.doFilter(FilterChainProxy.java:380) ~[spring-security-web-7.0.3.jar:7.0.3]
	at org.springframework.security.web.authentication.AnonymousAuthenticationFilter.doFilter(AnonymousAuthenticationFilter.java:100) ~[spring-security-web-7.0.3.jar:7.0.3]
	at org.springframework.security.web.FilterChainProxy$VirtualFilterChain.doFilter(FilterChainProxy.java:380) ~[spring-security-web-7.0.3.jar:7.0.3]
	at org.springframework.security.web.servletapi.SecurityContextHolderAwareRequestFilter.doFilter(SecurityContextHolderAwareRequestFilter.java:181) ~[spring-security-web-7.0.3.jar:7.0.3]
	at org.springframework.security.web.FilterChainProxy$VirtualFilterChain.doFilter(FilterChainProxy.java:380) ~[spring-security-web-7.0.3.jar:7.0.3]
	at org.springframework.security.web.savedrequest.RequestCacheAwareFilter.doFilter(RequestCacheAwareFilter.java:63) ~[spring-security-web-7.0.3.jar:7.0.3]
	at org.springframework.security.web.FilterChainProxy$VirtualFilterChain.doFilter(FilterChainProxy.java:380) ~[spring-security-web-7.0.3.jar:7.0.3]
	at org.springframework.security.web.authentication.logout.LogoutFilter.doFilter(LogoutFilter.java:110) ~[spring-security-web-7.0.3.jar:7.0.3]
	at org.springframework.security.web.authentication.logout.LogoutFilter.doFilter(LogoutFilter.java:96) ~[spring-security-web-7.0.3.jar:7.0.3]
	at org.springframework.security.web.FilterChainProxy$VirtualFilterChain.doFilter(FilterChainProxy.java:380) ~[spring-security-web-7.0.3.jar:7.0.3]
	at org.springframework.security.web.header.HeaderWriterFilter.doHeadersAfter(HeaderWriterFilter.java:90) ~[spring-security-web-7.0.3.jar:7.0.3]
	at org.springframework.security.web.header.HeaderWriterFilter.doFilterInternal(HeaderWriterFilter.java:75) ~[spring-security-web-7.0.3.jar:7.0.3]
	at org.springframework.web.filter.OncePerRequestFilter.doFilter(OncePerRequestFilter.java:116) ~[spring-web-7.0.5.jar:7.0.5]
	at org.springframework.security.web.FilterChainProxy$VirtualFilterChain.doFilter(FilterChainProxy.java:380) ~[spring-security-web-7.0.3.jar:7.0.3]
	at org.springframework.security.web.context.SecurityContextHolderFilter.doFilter(SecurityContextHolderFilter.java:82) ~[spring-security-web-7.0.3.jar:7.0.3]
	at org.springframework.security.web.context.SecurityContextHolderFilter.doFilter(SecurityContextHolderFilter.java:69) ~[spring-security-web-7.0.3.jar:7.0.3]
	at org.springframework.security.web.FilterChainProxy$VirtualFilterChain.doFilter(FilterChainProxy.java:380) ~[spring-security-web-7.0.3.jar:7.0.3]
	at org.springframework.security.web.context.request.async.WebAsyncManagerIntegrationFilter.doFilterInternal(WebAsyncManagerIntegrationFilter.java:62) ~[spring-security-web-7.0.3.jar:7.0.3]
	at org.springframework.web.filter.OncePerRequestFilter.doFilter(OncePerRequestFilter.java:116) ~[spring-web-7.0.5.jar:7.0.5]
	at org.springframework.security.web.FilterChainProxy$VirtualFilterChain.doFilter(FilterChainProxy.java:380) ~[spring-security-web-7.0.3.jar:7.0.3]
	at org.springframework.security.web.session.DisableEncodeUrlFilter.doFilterInternal(DisableEncodeUrlFilter.java:42) ~[spring-security-web-7.0.3.jar:7.0.3]
	at org.springframework.web.filter.OncePerRequestFilter.doFilter(OncePerRequestFilter.java:116) ~[spring-web-7.0.5.jar:7.0.5]
	at org.springframework.security.web.FilterChainProxy$VirtualFilterChain.doFilter(FilterChainProxy.java:380) ~[spring-security-web-7.0.3.jar:7.0.3]
	at org.springframework.security.web.FilterChainProxy.doFilterInternal(FilterChainProxy.java:237) ~[spring-security-web-7.0.3.jar:7.0.3]
	at org.springframework.security.web.FilterChainProxy.doFilter(FilterChainProxy.java:195) ~[spring-security-web-7.0.3.jar:7.0.3]
	at org.springframework.web.filter.CompositeFilter$VirtualFilterChain.doFilter(CompositeFilter.java:113) ~[spring-web-7.0.5.jar:7.0.5]
	at org.springframework.web.filter.ServletRequestPathFilter.doFilter(ServletRequestPathFilter.java:52) ~[spring-web-7.0.5.jar:7.0.5]
	at org.springframework.web.filter.CompositeFilter$VirtualFilterChain.doFilter(CompositeFilter.java:113) ~[spring-web-7.0.5.jar:7.0.5]
	at org.springframework.web.filter.CompositeFilter.doFilter(CompositeFilter.java:74) ~[spring-web-7.0.5.jar:7.0.5]
	at org.springframework.security.config.annotation.web.configuration.WebSecurityConfiguration$CompositeFilterChainProxy.doFilter(WebSecurityConfiguration.java:317) ~[spring-security-config-7.0.3.jar:7.0.3]
	at org.springframework.web.filter.DelegatingFilterProxy.invokeDelegate(DelegatingFilterProxy.java:355) ~[spring-web-7.0.5.jar:7.0.5]
	at org.springframework.web.filter.DelegatingFilterProxy.doFilter(DelegatingFilterProxy.java:272) ~[spring-web-7.0.5.jar:7.0.5]
	at org.apache.catalina.core.ApplicationFilterChain.doFilter(ApplicationFilterChain.java:107) ~[tomcat-embed-core-11.0.18.jar:11.0.18]
	at org.springframework.web.filter.RequestContextFilter.doFilterInternal(RequestContextFilter.java:100) ~[spring-web-7.0.5.jar:7.0.5]
	at org.springframework.web.filter.OncePerRequestFilter.doFilter(OncePerRequestFilter.java:116) ~[spring-web-7.0.5.jar:7.0.5]
	at org.apache.catalina.core.ApplicationFilterChain.doFilter(ApplicationFilterChain.java:107) ~[tomcat-embed-core-11.0.18.jar:11.0.18]
	at org.springframework.web.filter.FormContentFilter.doFilterInternal(FormContentFilter.java:93) ~[spring-web-7.0.5.jar:7.0.5]
	at org.springframework.web.filter.OncePerRequestFilter.doFilter(OncePerRequestFilter.java:116) ~[spring-web-7.0.5.jar:7.0.5]
	at org.apache.catalina.core.ApplicationFilterChain.doFilter(ApplicationFilterChain.java:107) ~[tomcat-embed-core-11.0.18.jar:11.0.18]
	at org.springframework.web.filter.CharacterEncodingFilter.doFilterInternal(CharacterEncodingFilter.java:199) ~[spring-web-7.0.5.jar:7.0.5]
	at org.springframework.web.filter.OncePerRequestFilter.doFilter(OncePerRequestFilter.java:116) ~[spring-web-7.0.5.jar:7.0.5]
	at org.apache.catalina.core.ApplicationFilterChain.doFilter(ApplicationFilterChain.java:107) ~[tomcat-embed-core-11.0.18.jar:11.0.18]
	at org.apache.catalina.core.StandardWrapperValve.invoke(StandardWrapperValve.java:165) ~[tomcat-embed-core-11.0.18.jar:11.0.18]
	at org.apache.catalina.core.StandardContextValve.invoke(StandardContextValve.java:77) ~[tomcat-embed-core-11.0.18.jar:11.0.18]
	at org.apache.catalina.authenticator.AuthenticatorBase.invoke(AuthenticatorBase.java:492) ~[tomcat-embed-core-11.0.18.jar:11.0.18]
	at org.apache.catalina.core.StandardHostValve.invoke(StandardHostValve.java:113) ~[tomcat-embed-core-11.0.18.jar:11.0.18]
	at org.apache.catalina.valves.ErrorReportValve.invoke(ErrorReportValve.java:83) ~[tomcat-embed-core-11.0.18.jar:11.0.18]
	at org.apache.catalina.core.StandardEngineValve.invoke(StandardEngineValve.java:72) ~[tomcat-embed-core-11.0.18.jar:11.0.18]
	at org.apache.catalina.connector.CoyoteAdapter.service(CoyoteAdapter.java:341) ~[tomcat-embed-core-11.0.18.jar:11.0.18]
	at org.apache.coyote.http11.Http11Processor.service(Http11Processor.java:397) ~[tomcat-embed-core-11.0.18.jar:11.0.18]
	at org.apache.coyote.AbstractProcessorLight.process(AbstractProcessorLight.java:63) ~[tomcat-embed-core-11.0.18.jar:11.0.18]
	at org.apache.coyote.AbstractProtocol$ConnectionHandler.process(AbstractProtocol.java:903) ~[tomcat-embed-core-11.0.18.jar:11.0.18]
	at org.apache.tomcat.util.net.NioEndpoint$SocketProcessor.doRun(NioEndpoint.java:1779) ~[tomcat-embed-core-11.0.18.jar:11.0.18]
	at org.apache.tomcat.util.net.SocketProcessorBase.run(SocketProcessorBase.java:52) ~[tomcat-embed-core-11.0.18.jar:11.0.18]
	at org.apache.tomcat.util.threads.ThreadPoolExecutor.runWorker(ThreadPoolExecutor.java:946) ~[tomcat-embed-core-11.0.18.jar:11.0.18]
	at org.apache.tomcat.util.threads.ThreadPoolExecutor$Worker.run(ThreadPoolExecutor.java:480) ~[tomcat-embed-core-11.0.18.jar:11.0.18]
	at org.apache.tomcat.util.threads.TaskThread$WrappingRunnable.run(TaskThread.java:57) ~[tomcat-embed-core-11.0.18.jar:11.0.18]
	at java.base/java.lang.Thread.run(Thread.java:1474) ~[na:na]

2026-03-24T09:27:47.126-06:00  INFO 6716 --- [back] [http-nio-8080-exec-4] c.pueblahealth.back.service.AuthService  : [INFO]Intento de login para el usuario: dylanvelarde12@gmail.com
2026-03-24T09:27:47.289-06:00  INFO 6716 --- [back] [http-nio-8080-exec-4] c.pueblahealth.back.service.AuthService  : [SUCCESS]Login exitoso del usuario: dylanvelarde12@gmail.com
2026-03-24T09:38:55.197-06:00  INFO 6716 --- [back] [http-nio-8080-exec-5] c.pueblahealth.back.service.AuthService  : [INFO]Intento de login para el usuario: dylanvelarde12@gmail.com
2026-03-24T09:38:55.284-06:00  INFO 6716 --- [back] [http-nio-8080-exec-5] c.pueblahealth.back.service.AuthService  : [SUCCESS]Login exitoso del usuario: dylanvelarde12@gmail.com
2026-03-24T09:40:15.514-06:00  INFO 6716 --- [back] [http-nio-8080-exec-10] c.pueblahealth.back.service.AuthService  : [INFO]Intento de login para el usuario: dylanvelarde12@gmail.com
2026-03-24T09:40:15.597-06:00  INFO 6716 --- [back] [http-nio-8080-exec-10] c.pueblahealth.back.service.AuthService  : [SUCCESS]Login exitoso del usuario: dylanvelarde12@gmail.com
2026-03-24T09:40:16.917-06:00  INFO 6716 --- [back] [http-nio-8080-exec-1] c.pueblahealth.back.service.AuthService  : [INFO]Intento de login para el usuario: dylanvelarde12@gmail.com
2026-03-24T09:40:17.003-06:00  INFO 6716 --- [back] [http-nio-8080-exec-1] c.pueblahealth.back.service.AuthService  : [SUCCESS]Login exitoso del usuario: dylanvelarde12@gmail.com
2026-03-24T09:40:20.414-06:00 ERROR 6716 --- [back] [http-nio-8080-exec-1] o.a.c.c.C.[.[.[/].[dispatcherServlet]    : Servlet.service() for servlet [dispatcherServlet] in context with path [] threw exception [Request processing failed: org.springframework.orm.ObjectOptimisticLockingFailureException: Unexpected row count (expected row count 1 but was 0) [delete from otp_codes where id=?] for entity [com.pueblahealth.back.model.OtpCode with id '14']] with root cause

org.hibernate.StaleStateException: Unexpected row count (expected row count 1 but was 0) [delete from otp_codes where id=?]
	at org.hibernate.jdbc.Expectations.checkNonBatched(Expectations.java:93) ~[hibernate-core-7.2.4.Final.jar:7.2.4.Final]
	at org.hibernate.jdbc.Expectation$RowCount.verifyOutcome(Expectation.java:170) ~[hibernate-core-7.2.4.Final.jar:7.2.4.Final]
	at org.hibernate.engine.jdbc.mutation.internal.ModelMutationHelper.identifiedResultsCheck(ModelMutationHelper.java:60) ~[hibernate-core-7.2.4.Final.jar:7.2.4.Final]
	at org.hibernate.persister.entity.mutation.AbstractDeleteCoordinator.resultCheck(AbstractDeleteCoordinator.java:289) ~[hibernate-core-7.2.4.Final.jar:7.2.4.Final]
	at org.hibernate.persister.entity.mutation.AbstractDeleteCoordinator.lambda$doStaticDelete$0(AbstractDeleteCoordinator.java:273) ~[hibernate-core-7.2.4.Final.jar:7.2.4.Final]
	at org.hibernate.engine.jdbc.mutation.internal.ModelMutationHelper.checkResults(ModelMutationHelper.java:48) ~[hibernate-core-7.2.4.Final.jar:7.2.4.Final]
	at org.hibernate.engine.jdbc.mutation.internal.AbstractMutationExecutor.performNonBatchedMutation(AbstractMutationExecutor.java:152) ~[hibernate-core-7.2.4.Final.jar:7.2.4.Final]
	at org.hibernate.engine.jdbc.mutation.internal.MutationExecutorSingleNonBatched.performNonBatchedOperations(MutationExecutorSingleNonBatched.java:53) ~[hibernate-core-7.2.4.Final.jar:7.2.4.Final]
	at org.hibernate.engine.jdbc.mutation.internal.AbstractMutationExecutor.execute(AbstractMutationExecutor.java:66) ~[hibernate-core-7.2.4.Final.jar:7.2.4.Final]
	at org.hibernate.persister.entity.mutation.AbstractDeleteCoordinator.doStaticDelete(AbstractDeleteCoordinator.java:268) ~[hibernate-core-7.2.4.Final.jar:7.2.4.Final]
	at org.hibernate.persister.entity.mutation.AbstractDeleteCoordinator.delete(AbstractDeleteCoordinator.java:79) ~[hibernate-core-7.2.4.Final.jar:7.2.4.Final]
	at org.hibernate.action.internal.EntityDeleteAction.execute(EntityDeleteAction.java:119) ~[hibernate-core-7.2.4.Final.jar:7.2.4.Final]
	at org.hibernate.engine.spi.ActionQueue.executeActions(ActionQueue.java:634) ~[hibernate-core-7.2.4.Final.jar:7.2.4.Final]
	at org.hibernate.engine.spi.ActionQueue.executeActions(ActionQueue.java:505) ~[hibernate-core-7.2.4.Final.jar:7.2.4.Final]
	at org.hibernate.event.internal.AbstractFlushingEventListener.performExecutions(AbstractFlushingEventListener.java:381) ~[hibernate-core-7.2.4.Final.jar:7.2.4.Final]
	at org.hibernate.event.internal.DefaultFlushEventListener.onFlush(DefaultFlushEventListener.java:40) ~[hibernate-core-7.2.4.Final.jar:7.2.4.Final]
	at org.hibernate.event.service.internal.EventListenerGroupImpl.fireEventOnEachListener(EventListenerGroupImpl.java:138) ~[hibernate-core-7.2.4.Final.jar:7.2.4.Final]
	at org.hibernate.internal.SessionImpl.fireFlush(SessionImpl.java:1489) ~[hibernate-core-7.2.4.Final.jar:7.2.4.Final]
	at org.hibernate.internal.SessionImpl.managedFlush(SessionImpl.java:481) ~[hibernate-core-7.2.4.Final.jar:7.2.4.Final]
	at org.hibernate.internal.SessionImpl.flushBeforeTransactionCompletion(SessionImpl.java:2116) ~[hibernate-core-7.2.4.Final.jar:7.2.4.Final]
	at org.hibernate.internal.SessionImpl.beforeTransactionCompletion(SessionImpl.java:2038) ~[hibernate-core-7.2.4.Final.jar:7.2.4.Final]
	at org.hibernate.engine.jdbc.internal.JdbcCoordinatorImpl.beforeTransactionCompletion(JdbcCoordinatorImpl.java:410) ~[hibernate-core-7.2.4.Final.jar:7.2.4.Final]
	at org.hibernate.resource.transaction.backend.jdbc.internal.JdbcResourceLocalTransactionCoordinatorImpl.beforeCompletionCallback(JdbcResourceLocalTransactionCoordinatorImpl.java:166) ~[hibernate-core-7.2.4.Final.jar:7.2.4.Final]
	at org.hibernate.resource.transaction.backend.jdbc.internal.JdbcResourceLocalTransactionCoordinatorImpl$TransactionDriverControlImpl.commitNoRollbackOnly(JdbcResourceLocalTransactionCoordinatorImpl.java:248) ~[hibernate-core-7.2.4.Final.jar:7.2.4.Final]
	at org.hibernate.resource.transaction.backend.jdbc.internal.JdbcResourceLocalTransactionCoordinatorImpl$TransactionDriverControlImpl.commit(JdbcResourceLocalTransactionCoordinatorImpl.java:242) ~[hibernate-core-7.2.4.Final.jar:7.2.4.Final]
	at org.hibernate.engine.transaction.internal.TransactionImpl.commit(TransactionImpl.java:89) ~[hibernate-core-7.2.4.Final.jar:7.2.4.Final]
	at org.springframework.orm.jpa.JpaTransactionManager.doCommit(JpaTransactionManager.java:553) ~[spring-orm-7.0.5.jar:7.0.5]
	at org.springframework.transaction.support.AbstractPlatformTransactionManager.processCommit(AbstractPlatformTransactionManager.java:794) ~[spring-tx-7.0.5.jar:7.0.5]
	at org.springframework.transaction.support.AbstractPlatformTransactionManager.commit(AbstractPlatformTransactionManager.java:757) ~[spring-tx-7.0.5.jar:7.0.5]
	at org.springframework.transaction.interceptor.TransactionAspectSupport.commitTransactionAfterReturning(TransactionAspectSupport.java:687) ~[spring-tx-7.0.5.jar:7.0.5]
	at org.springframework.transaction.interceptor.TransactionAspectSupport.invokeWithinTransaction(TransactionAspectSupport.java:408) ~[spring-tx-7.0.5.jar:7.0.5]
	at org.springframework.transaction.interceptor.TransactionInterceptor.invoke(TransactionInterceptor.java:130) ~[spring-tx-7.0.5.jar:7.0.5]
	at org.springframework.aop.framework.ReflectiveMethodInvocation.proceed(ReflectiveMethodInvocation.java:179) ~[spring-aop-7.0.5.jar:7.0.5]
	at org.springframework.aop.framework.CglibAopProxy$DynamicAdvisedInterceptor.intercept(CglibAopProxy.java:719) ~[spring-aop-7.0.5.jar:7.0.5]
	at com.pueblahealth.back.service.AuthService$$SpringCGLIB$$0.login(<generated>) ~[classes/:na]
	at com.pueblahealth.back.controller.AuthController.login(AuthController.java:30) ~[classes/:na]
	at java.base/jdk.internal.reflect.DirectMethodHandleAccessor.invoke(DirectMethodHandleAccessor.java:104) ~[na:na]
	at java.base/java.lang.reflect.Method.invoke(Method.java:565) ~[na:na]
	at org.springframework.web.method.support.InvocableHandlerMethod.doInvoke(InvocableHandlerMethod.java:252) ~[spring-web-7.0.5.jar:7.0.5]
	at org.springframework.web.method.support.InvocableHandlerMethod.invokeForRequest(InvocableHandlerMethod.java:184) ~[spring-web-7.0.5.jar:7.0.5]
	at org.springframework.web.servlet.mvc.method.annotation.ServletInvocableHandlerMethod.invokeAndHandle(ServletInvocableHandlerMethod.java:117) ~[spring-webmvc-7.0.5.jar:7.0.5]
	at org.springframework.web.servlet.mvc.method.annotation.RequestMappingHandlerAdapter.invokeHandlerMethod(RequestMappingHandlerAdapter.java:934) ~[spring-webmvc-7.0.5.jar:7.0.5]
	at org.springframework.web.servlet.mvc.method.annotation.RequestMappingHandlerAdapter.handleInternal(RequestMappingHandlerAdapter.java:853) ~[spring-webmvc-7.0.5.jar:7.0.5]
	at org.springframework.web.servlet.mvc.method.AbstractHandlerMethodAdapter.handle(AbstractHandlerMethodAdapter.java:86) ~[spring-webmvc-7.0.5.jar:7.0.5]
	at org.springframework.web.servlet.DispatcherServlet.doDispatch(DispatcherServlet.java:963) ~[spring-webmvc-7.0.5.jar:7.0.5]
	at org.springframework.web.servlet.DispatcherServlet.doService(DispatcherServlet.java:866) ~[spring-webmvc-7.0.5.jar:7.0.5]
	at org.springframework.web.servlet.FrameworkServlet.processRequest(FrameworkServlet.java:1000) ~[spring-webmvc-7.0.5.jar:7.0.5]
	at org.springframework.web.servlet.FrameworkServlet.doPost(FrameworkServlet.java:903) ~[spring-webmvc-7.0.5.jar:7.0.5]
	at jakarta.servlet.http.HttpServlet.service(HttpServlet.java:649) ~[tomcat-embed-core-11.0.18.jar:6.1]
	at org.springframework.web.servlet.FrameworkServlet.service(FrameworkServlet.java:874) ~[spring-webmvc-7.0.5.jar:7.0.5]
	at jakarta.servlet.http.HttpServlet.service(HttpServlet.java:710) ~[tomcat-embed-core-11.0.18.jar:6.1]
	at org.apache.catalina.core.ApplicationFilterChain.doFilter(ApplicationFilterChain.java:128) ~[tomcat-embed-core-11.0.18.jar:11.0.18]
	at org.apache.tomcat.websocket.server.WsFilter.doFilter(WsFilter.java:53) ~[tomcat-embed-websocket-11.0.18.jar:11.0.18]
	at org.apache.catalina.core.ApplicationFilterChain.doFilter(ApplicationFilterChain.java:107) ~[tomcat-embed-core-11.0.18.jar:11.0.18]
	at org.springframework.web.filter.CompositeFilter$VirtualFilterChain.doFilter(CompositeFilter.java:108) ~[spring-web-7.0.5.jar:7.0.5]
	at org.springframework.security.web.FilterChainProxy.lambda$doFilterInternal$3(FilterChainProxy.java:235) ~[spring-security-web-7.0.3.jar:7.0.3]
	at org.springframework.security.web.FilterChainProxy$VirtualFilterChain.doFilter(FilterChainProxy.java:371) ~[spring-security-web-7.0.3.jar:7.0.3]
	at org.springframework.security.web.access.intercept.AuthorizationFilter.doFilter(AuthorizationFilter.java:101) ~[spring-security-web-7.0.3.jar:7.0.3]
	at org.springframework.security.web.FilterChainProxy$VirtualFilterChain.doFilter(FilterChainProxy.java:380) ~[spring-security-web-7.0.3.jar:7.0.3]
	at org.springframework.security.web.access.ExceptionTranslationFilter.doFilter(ExceptionTranslationFilter.java:126) ~[spring-security-web-7.0.3.jar:7.0.3]
	at org.springframework.security.web.access.ExceptionTranslationFilter.doFilter(ExceptionTranslationFilter.java:120) ~[spring-security-web-7.0.3.jar:7.0.3]
	at org.springframework.security.web.FilterChainProxy$VirtualFilterChain.doFilter(FilterChainProxy.java:380) ~[spring-security-web-7.0.3.jar:7.0.3]
	at org.springframework.security.web.authentication.AnonymousAuthenticationFilter.doFilter(AnonymousAuthenticationFilter.java:100) ~[spring-security-web-7.0.3.jar:7.0.3]
	at org.springframework.security.web.FilterChainProxy$VirtualFilterChain.doFilter(FilterChainProxy.java:380) ~[spring-security-web-7.0.3.jar:7.0.3]
	at org.springframework.security.web.servletapi.SecurityContextHolderAwareRequestFilter.doFilter(SecurityContextHolderAwareRequestFilter.java:181) ~[spring-security-web-7.0.3.jar:7.0.3]
	at org.springframework.security.web.FilterChainProxy$VirtualFilterChain.doFilter(FilterChainProxy.java:380) ~[spring-security-web-7.0.3.jar:7.0.3]
	at org.springframework.security.web.savedrequest.RequestCacheAwareFilter.doFilter(RequestCacheAwareFilter.java:63) ~[spring-security-web-7.0.3.jar:7.0.3]
	at org.springframework.security.web.FilterChainProxy$VirtualFilterChain.doFilter(FilterChainProxy.java:380) ~[spring-security-web-7.0.3.jar:7.0.3]
	at org.springframework.security.web.authentication.logout.LogoutFilter.doFilter(LogoutFilter.java:110) ~[spring-security-web-7.0.3.jar:7.0.3]
	at org.springframework.security.web.authentication.logout.LogoutFilter.doFilter(LogoutFilter.java:96) ~[spring-security-web-7.0.3.jar:7.0.3]
	at org.springframework.security.web.FilterChainProxy$VirtualFilterChain.doFilter(FilterChainProxy.java:380) ~[spring-security-web-7.0.3.jar:7.0.3]
	at org.springframework.security.web.header.HeaderWriterFilter.doHeadersAfter(HeaderWriterFilter.java:90) ~[spring-security-web-7.0.3.jar:7.0.3]
	at org.springframework.security.web.header.HeaderWriterFilter.doFilterInternal(HeaderWriterFilter.java:75) ~[spring-security-web-7.0.3.jar:7.0.3]
	at org.springframework.web.filter.OncePerRequestFilter.doFilter(OncePerRequestFilter.java:116) ~[spring-web-7.0.5.jar:7.0.5]
	at org.springframework.security.web.FilterChainProxy$VirtualFilterChain.doFilter(FilterChainProxy.java:380) ~[spring-security-web-7.0.3.jar:7.0.3]
	at org.springframework.security.web.context.SecurityContextHolderFilter.doFilter(SecurityContextHolderFilter.java:82) ~[spring-security-web-7.0.3.jar:7.0.3]
	at org.springframework.security.web.context.SecurityContextHolderFilter.doFilter(SecurityContextHolderFilter.java:69) ~[spring-security-web-7.0.3.jar:7.0.3]
	at org.springframework.security.web.FilterChainProxy$VirtualFilterChain.doFilter(FilterChainProxy.java:380) ~[spring-security-web-7.0.3.jar:7.0.3]
	at org.springframework.security.web.context.request.async.WebAsyncManagerIntegrationFilter.doFilterInternal(WebAsyncManagerIntegrationFilter.java:62) ~[spring-security-web-7.0.3.jar:7.0.3]
	at org.springframework.web.filter.OncePerRequestFilter.doFilter(OncePerRequestFilter.java:116) ~[spring-web-7.0.5.jar:7.0.5]
	at org.springframework.security.web.FilterChainProxy$VirtualFilterChain.doFilter(FilterChainProxy.java:380) ~[spring-security-web-7.0.3.jar:7.0.3]
	at org.springframework.security.web.session.DisableEncodeUrlFilter.doFilterInternal(DisableEncodeUrlFilter.java:42) ~[spring-security-web-7.0.3.jar:7.0.3]
	at org.springframework.web.filter.OncePerRequestFilter.doFilter(OncePerRequestFilter.java:116) ~[spring-web-7.0.5.jar:7.0.5]
	at org.springframework.security.web.FilterChainProxy$VirtualFilterChain.doFilter(FilterChainProxy.java:380) ~[spring-security-web-7.0.3.jar:7.0.3]
	at org.springframework.security.web.FilterChainProxy.doFilterInternal(FilterChainProxy.java:237) ~[spring-security-web-7.0.3.jar:7.0.3]
	at org.springframework.security.web.FilterChainProxy.doFilter(FilterChainProxy.java:195) ~[spring-security-web-7.0.3.jar:7.0.3]
	at org.springframework.web.filter.CompositeFilter$VirtualFilterChain.doFilter(CompositeFilter.java:113) ~[spring-web-7.0.5.jar:7.0.5]
	at org.springframework.web.filter.ServletRequestPathFilter.doFilter(ServletRequestPathFilter.java:52) ~[spring-web-7.0.5.jar:7.0.5]
	at org.springframework.web.filter.CompositeFilter$VirtualFilterChain.doFilter(CompositeFilter.java:113) ~[spring-web-7.0.5.jar:7.0.5]
	at org.springframework.web.filter.CompositeFilter.doFilter(CompositeFilter.java:74) ~[spring-web-7.0.5.jar:7.0.5]
	at org.springframework.security.config.annotation.web.configuration.WebSecurityConfiguration$CompositeFilterChainProxy.doFilter(WebSecurityConfiguration.java:317) ~[spring-security-config-7.0.3.jar:7.0.3]
	at org.springframework.web.filter.DelegatingFilterProxy.invokeDelegate(DelegatingFilterProxy.java:355) ~[spring-web-7.0.5.jar:7.0.5]
	at org.springframework.web.filter.DelegatingFilterProxy.doFilter(DelegatingFilterProxy.java:272) ~[spring-web-7.0.5.jar:7.0.5]
	at org.apache.catalina.core.ApplicationFilterChain.doFilter(ApplicationFilterChain.java:107) ~[tomcat-embed-core-11.0.18.jar:11.0.18]
	at org.springframework.web.filter.RequestContextFilter.doFilterInternal(RequestContextFilter.java:100) ~[spring-web-7.0.5.jar:7.0.5]
	at org.springframework.web.filter.OncePerRequestFilter.doFilter(OncePerRequestFilter.java:116) ~[spring-web-7.0.5.jar:7.0.5]
	at org.apache.catalina.core.ApplicationFilterChain.doFilter(ApplicationFilterChain.java:107) ~[tomcat-embed-core-11.0.18.jar:11.0.18]
	at org.springframework.web.filter.FormContentFilter.doFilterInternal(FormContentFilter.java:93) ~[spring-web-7.0.5.jar:7.0.5]
	at org.springframework.web.filter.OncePerRequestFilter.doFilter(OncePerRequestFilter.java:116) ~[spring-web-7.0.5.jar:7.0.5]
	at org.apache.catalina.core.ApplicationFilterChain.doFilter(ApplicationFilterChain.java:107) ~[tomcat-embed-core-11.0.18.jar:11.0.18]
	at org.springframework.web.filter.CharacterEncodingFilter.doFilterInternal(CharacterEncodingFilter.java:199) ~[spring-web-7.0.5.jar:7.0.5]
	at org.springframework.web.filter.OncePerRequestFilter.doFilter(OncePerRequestFilter.java:116) ~[spring-web-7.0.5.jar:7.0.5]
	at org.apache.catalina.core.ApplicationFilterChain.doFilter(ApplicationFilterChain.java:107) ~[tomcat-embed-core-11.0.18.jar:11.0.18]
	at org.apache.catalina.core.StandardWrapperValve.invoke(StandardWrapperValve.java:165) ~[tomcat-embed-core-11.0.18.jar:11.0.18]
	at org.apache.catalina.core.StandardContextValve.invoke(StandardContextValve.java:77) ~[tomcat-embed-core-11.0.18.jar:11.0.18]
	at org.apache.catalina.authenticator.AuthenticatorBase.invoke(AuthenticatorBase.java:492) ~[tomcat-embed-core-11.0.18.jar:11.0.18]
	at org.apache.catalina.core.StandardHostValve.invoke(StandardHostValve.java:113) ~[tomcat-embed-core-11.0.18.jar:11.0.18]
	at org.apache.catalina.valves.ErrorReportValve.invoke(ErrorReportValve.java:83) ~[tomcat-embed-core-11.0.18.jar:11.0.18]
	at org.apache.catalina.core.StandardEngineValve.invoke(StandardEngineValve.java:72) ~[tomcat-embed-core-11.0.18.jar:11.0.18]
	at org.apache.catalina.connector.CoyoteAdapter.service(CoyoteAdapter.java:341) ~[tomcat-embed-core-11.0.18.jar:11.0.18]
	at org.apache.coyote.http11.Http11Processor.service(Http11Processor.java:397) ~[tomcat-embed-core-11.0.18.jar:11.0.18]
	at org.apache.coyote.AbstractProcessorLight.process(AbstractProcessorLight.java:63) ~[tomcat-embed-core-11.0.18.jar:11.0.18]
	at org.apache.coyote.AbstractProtocol$ConnectionHandler.process(AbstractProtocol.java:903) ~[tomcat-embed-core-11.0.18.jar:11.0.18]
	at org.apache.tomcat.util.net.NioEndpoint$SocketProcessor.doRun(NioEndpoint.java:1779) ~[tomcat-embed-core-11.0.18.jar:11.0.18]
	at org.apache.tomcat.util.net.SocketProcessorBase.run(SocketProcessorBase.java:52) ~[tomcat-embed-core-11.0.18.jar:11.0.18]
	at org.apache.tomcat.util.threads.ThreadPoolExecutor.runWorker(ThreadPoolExecutor.java:946) ~[tomcat-embed-core-11.0.18.jar:11.0.18]
	at org.apache.tomcat.util.threads.ThreadPoolExecutor$Worker.run(ThreadPoolExecutor.java:480) ~[tomcat-embed-core-11.0.18.jar:11.0.18]
	at org.apache.tomcat.util.threads.TaskThread$WrappingRunnable.run(TaskThread.java:57) ~[tomcat-embed-core-11.0.18.jar:11.0.18]
	at java.base/java.lang.Thread.run(Thread.java:1474) ~[na:na]

2026-03-24T09:41:06.621-06:00  INFO 6716 --- [back] [http-nio-8080-exec-3] c.pueblahealth.back.service.AuthService  : [INFO]Intento de login para el usuario: dylanvelarde12@gmail.com
2026-03-24T09:41:06.701-06:00  INFO 6716 --- [back] [http-nio-8080-exec-3] c.pueblahealth.back.service.AuthService  : [SUCCESS]Login exitoso del usuario: dylanvelarde12@gmail.com
2026-03-24T09:41:56.053-06:00  INFO 6716 --- [back] [http-nio-8080-exec-7] c.pueblahealth.back.service.AuthService  : [INFO]Intento de login para el usuario: dylanvelarde12@gmail.com
2026-03-24T09:41:56.130-06:00  INFO 6716 --- [back] [http-nio-8080-exec-7] c.pueblahealth.back.service.AuthService  : [SUCCESS]Login exitoso del usuario: dylanvelarde12@gmail.com
2026-03-24T09:54:56.871-06:00  INFO 6716 --- [back] [http-nio-8080-exec-9] c.pueblahealth.back.service.AuthService  : [INFO]Intento de login para el usuario: XH7DkMk0e9nPu2oi7FzjHFthK5ZycjrqOhvZam5V4ERGxgcTXWPJyw==
2026-03-24T09:54:56.875-06:00  WARN 6716 --- [back] [http-nio-8080-exec-9] c.pueblahealth.back.service.AuthService  : [WARN]Intento de login con usuario inexistente: XH7DkMk0e9nPu2oi7FzjHFthK5ZycjrqOhvZam5V4ERGxgcTXWPJyw==
2026-03-24T09:55:08.361-06:00  INFO 6716 --- [back] [http-nio-8080-exec-5] c.pueblahealth.back.service.AuthService  : [INFO]Intento de login para el usuario: Q8NwkqQxAa1qF2HLflJwHIc6CUUGBPjYVqbQ8207ogdKJlRXbXIRhw==
2026-03-24T09:55:08.364-06:00  WARN 6716 --- [back] [http-nio-8080-exec-5] c.pueblahealth.back.service.AuthService  : [WARN]Intento de login con usuario inexistente: Q8NwkqQxAa1qF2HLflJwHIc6CUUGBPjYVqbQ8207ogdKJlRXbXIRhw==
2026-03-24T09:55:49.566-06:00  INFO 6716 --- [back] [http-nio-8080-exec-6] c.pueblahealth.back.service.AuthService  : [INFO]Intento de login para el usuario: FCEfbGaTdsfq+kwC4NOoIXPslxITyGmkKV9rPctUt/j4GtbV/vUQUQ==
2026-03-24T09:55:49.569-06:00  WARN 6716 --- [back] [http-nio-8080-exec-6] c.pueblahealth.back.service.AuthService  : [WARN]Intento de login con usuario inexistente: FCEfbGaTdsfq+kwC4NOoIXPslxITyGmkKV9rPctUt/j4GtbV/vUQUQ==
2026-03-24T10:04:08.747-06:00  INFO 6716 --- [back] [SpringApplicationShutdownHook] o.s.boot.tomcat.GracefulShutdown         : Commencing graceful shutdown. Waiting for active requests to complete
2026-03-24T10:04:08.758-06:00  INFO 6716 --- [back] [tomcat-shutdown] o.s.boot.tomcat.GracefulShutdown         : Graceful shutdown complete
2026-03-24T10:04:08.767-06:00  INFO 6716 --- [back] [SpringApplicationShutdownHook] j.LocalContainerEntityManagerFactoryBean : Closing JPA EntityManagerFactory for persistence unit 'default'
2026-03-24T10:04:08.773-06:00  INFO 6716 --- [back] [SpringApplicationShutdownHook] com.zaxxer.hikari.HikariDataSource       : HikariPool-1 - Shutdown initiated...
2026-03-24T10:04:08.777-06:00  INFO 6716 --- [back] [SpringApplicationShutdownHook] com.zaxxer.hikari.HikariDataSource       : HikariPool-1 - Shutdown completed.
2026-03-24T10:05:03.481-06:00  INFO 25568 --- [back] [main] com.pueblahealth.back.BackApplication    : Starting BackApplication using Java 25.0.2 with PID 25568 (C:\Users\dylan\Documents\seguridadProyecto\PUEBLAHealth-Tech\back\target\classes started by dylan in C:\Users\dylan\Documents\seguridadProyecto\PUEBLAHealth-Tech)
2026-03-24T10:05:03.485-06:00 DEBUG 25568 --- [back] [main] com.pueblahealth.back.BackApplication    : Running with Spring Boot v4.0.3, Spring v7.0.5
2026-03-24T10:05:03.486-06:00  INFO 25568 --- [back] [main] com.pueblahealth.back.BackApplication    : No active profile set, falling back to 1 default profile: "default"
2026-03-24T10:05:04.346-06:00  INFO 25568 --- [back] [main] .s.d.r.c.RepositoryConfigurationDelegate : Bootstrapping Spring Data JPA repositories in DEFAULT mode.
2026-03-24T10:05:04.419-06:00  INFO 25568 --- [back] [main] .s.d.r.c.RepositoryConfigurationDelegate : Finished Spring Data repository scanning in 61 ms. Found 3 JPA repository interfaces.
2026-03-24T10:05:05.090-06:00  INFO 25568 --- [back] [main] o.s.boot.tomcat.TomcatWebServer          : Tomcat initialized with port 8080 (http)
2026-03-24T10:05:05.104-06:00  INFO 25568 --- [back] [main] o.apache.catalina.core.StandardService   : Starting service [Tomcat]
2026-03-24T10:05:05.105-06:00  INFO 25568 --- [back] [main] o.apache.catalina.core.StandardEngine    : Starting Servlet engine: [Apache Tomcat/11.0.18]
2026-03-24T10:05:05.175-06:00  INFO 25568 --- [back] [main] b.w.c.s.WebApplicationContextInitializer : Root WebApplicationContext: initialization completed in 1625 ms
2026-03-24T10:05:05.401-06:00  INFO 25568 --- [back] [main] org.hibernate.orm.jpa                    : HHH008540: Processing PersistenceUnitInfo [name: default]
2026-03-24T10:05:05.481-06:00  INFO 25568 --- [back] [main] org.hibernate.orm.core                   : HHH000001: Hibernate ORM core version 7.2.4.Final
2026-03-24T10:05:06.095-06:00  INFO 25568 --- [back] [main] o.s.o.j.p.SpringPersistenceUnitInfo      : No LoadTimeWeaver setup: ignoring JPA class transformer
2026-03-24T10:05:06.140-06:00  INFO 25568 --- [back] [main] com.zaxxer.hikari.HikariDataSource       : HikariPool-1 - Starting...
2026-03-24T10:05:06.334-06:00  INFO 25568 --- [back] [main] com.zaxxer.hikari.pool.HikariPool        : HikariPool-1 - Added connection com.mysql.cj.jdbc.ConnectionImpl@1c05097c
2026-03-24T10:05:06.338-06:00  INFO 25568 --- [back] [main] com.zaxxer.hikari.HikariDataSource       : HikariPool-1 - Start completed.
2026-03-24T10:05:06.417-06:00  WARN 25568 --- [back] [main] org.hibernate.orm.core                   : HHH000511: The 5.5.5 version for [org.hibernate.dialect.MySQLDialect] is no longer supported, hence certain features may not work properly.The minimum supported version is 8.0.0. Check the community dialects project for available legacy versions.
2026-03-24T10:05:06.531-06:00  INFO 25568 --- [back] [main] org.hibernate.orm.connections.pooling    : HHH10001005: Database info:
	Database JDBC URL [jdbc:mysql://127.0.0.1:3306/pueblahealth]
	Database driver: MySQL Connector/J
	Database dialect: MySQLDialect
	Database version: 5.5.5
	Default catalog/schema: pueblahealth/undefined
	Autocommit mode: undefined/unknown
	Isolation level: REPEATABLE_READ [default REPEATABLE_READ]
	JDBC fetch size: none
	Pool: DataSourceConnectionProvider
	Minimum pool size: undefined/unknown
	Maximum pool size: undefined/unknown
2026-03-24T10:05:07.409-06:00  INFO 25568 --- [back] [main] org.hibernate.orm.core                   : HHH000489: No JTA platform available (set 'hibernate.transaction.jta.platform' to enable JTA platform integration)
2026-03-24T10:05:07.568-06:00  INFO 25568 --- [back] [main] j.LocalContainerEntityManagerFactoryBean : Initialized JPA EntityManagerFactory for persistence unit 'default'
2026-03-24T10:05:07.687-06:00  INFO 25568 --- [back] [main] o.s.d.j.r.query.QueryEnhancerFactories   : Hibernate is in classpath; If applicable, HQL parser will be used.
2026-03-24T10:05:07.914-06:00  WARN 25568 --- [back] [main] ConfigServletWebServerApplicationContext : Exception encountered during context initialization - cancelling refresh attempt: org.springframework.beans.factory.UnsatisfiedDependencyException: Error creating bean with name 'authController' defined in file [C:\Users\dylan\Documents\seguridadProyecto\PUEBLAHealth-Tech\back\target\classes\com\pueblahealth\back\controller\AuthController.class]: Unsatisfied dependency expressed through constructor parameter 0: Error creating bean with name 'authService' defined in file [C:\Users\dylan\Documents\seguridadProyecto\PUEBLAHealth-Tech\back\target\classes\com\pueblahealth\back\service\AuthService.class]: Unsatisfied dependency expressed through constructor parameter 5: No qualifying bean of type 'com.pueblahealth.back.utils.AesUtil' available: expected at least 1 bean which qualifies as autowire candidate. Dependency annotations: {}
2026-03-24T10:05:07.914-06:00  INFO 25568 --- [back] [main] j.LocalContainerEntityManagerFactoryBean : Closing JPA EntityManagerFactory for persistence unit 'default'
2026-03-24T10:05:07.917-06:00  INFO 25568 --- [back] [main] com.zaxxer.hikari.HikariDataSource       : HikariPool-1 - Shutdown initiated...
2026-03-24T10:05:07.924-06:00  INFO 25568 --- [back] [main] com.zaxxer.hikari.HikariDataSource       : HikariPool-1 - Shutdown completed.
2026-03-24T10:05:07.927-06:00  INFO 25568 --- [back] [main] o.apache.catalina.core.StandardService   : Stopping service [Tomcat]
2026-03-24T10:05:07.934-06:00  INFO 25568 --- [back] [main] .s.b.a.l.ConditionEvaluationReportLogger : 

Error starting ApplicationContext. To display the condition evaluation report re-run your application with 'debug' enabled.
2026-03-24T10:05:07.964-06:00 ERROR 25568 --- [back] [main] o.s.b.d.LoggingFailureAnalysisReporter   : 

***************************
APPLICATION FAILED TO START
***************************

Description:

Parameter 5 of constructor in com.pueblahealth.back.service.AuthService required a bean of type 'com.pueblahealth.back.utils.AesUtil' that could not be found.


Action:

Consider defining a bean of type 'com.pueblahealth.back.utils.AesUtil' in your configuration.

2026-03-24T10:06:50.844-06:00  INFO 9496 --- [back] [main] com.pueblahealth.back.BackApplication    : Starting BackApplication using Java 25.0.2 with PID 9496 (C:\Users\dylan\Documents\seguridadProyecto\PUEBLAHealth-Tech\back\target\classes started by dylan in C:\Users\dylan\Documents\seguridadProyecto\PUEBLAHealth-Tech)
2026-03-24T10:06:50.847-06:00 DEBUG 9496 --- [back] [main] com.pueblahealth.back.BackApplication    : Running with Spring Boot v4.0.3, Spring v7.0.5
2026-03-24T10:06:50.848-06:00  INFO 9496 --- [back] [main] com.pueblahealth.back.BackApplication    : No active profile set, falling back to 1 default profile: "default"
2026-03-24T10:06:51.635-06:00  INFO 9496 --- [back] [main] .s.d.r.c.RepositoryConfigurationDelegate : Bootstrapping Spring Data JPA repositories in DEFAULT mode.
2026-03-24T10:06:51.718-06:00  INFO 9496 --- [back] [main] .s.d.r.c.RepositoryConfigurationDelegate : Finished Spring Data repository scanning in 61 ms. Found 3 JPA repository interfaces.
2026-03-24T10:06:52.296-06:00  INFO 9496 --- [back] [main] o.s.boot.tomcat.TomcatWebServer          : Tomcat initialized with port 8080 (http)
2026-03-24T10:06:52.312-06:00  INFO 9496 --- [back] [main] o.apache.catalina.core.StandardService   : Starting service [Tomcat]
2026-03-24T10:06:52.312-06:00  INFO 9496 --- [back] [main] o.apache.catalina.core.StandardEngine    : Starting Servlet engine: [Apache Tomcat/11.0.18]
2026-03-24T10:06:52.379-06:00  INFO 9496 --- [back] [main] b.w.c.s.WebApplicationContextInitializer : Root WebApplicationContext: initialization completed in 1467 ms
2026-03-24T10:06:52.587-06:00  INFO 9496 --- [back] [main] org.hibernate.orm.jpa                    : HHH008540: Processing PersistenceUnitInfo [name: default]
2026-03-24T10:06:52.626-06:00  INFO 9496 --- [back] [main] org.hibernate.orm.core                   : HHH000001: Hibernate ORM core version 7.2.4.Final
2026-03-24T10:06:53.076-06:00  INFO 9496 --- [back] [main] o.s.o.j.p.SpringPersistenceUnitInfo      : No LoadTimeWeaver setup: ignoring JPA class transformer
2026-03-24T10:06:53.107-06:00  INFO 9496 --- [back] [main] com.zaxxer.hikari.HikariDataSource       : HikariPool-1 - Starting...
2026-03-24T10:06:53.247-06:00  INFO 9496 --- [back] [main] com.zaxxer.hikari.pool.HikariPool        : HikariPool-1 - Added connection com.mysql.cj.jdbc.ConnectionImpl@105c6c9e
2026-03-24T10:06:53.249-06:00  INFO 9496 --- [back] [main] com.zaxxer.hikari.HikariDataSource       : HikariPool-1 - Start completed.
2026-03-24T10:06:53.305-06:00  WARN 9496 --- [back] [main] org.hibernate.orm.core                   : HHH000511: The 5.5.5 version for [org.hibernate.dialect.MySQLDialect] is no longer supported, hence certain features may not work properly.The minimum supported version is 8.0.0. Check the community dialects project for available legacy versions.
2026-03-24T10:06:53.328-06:00  INFO 9496 --- [back] [main] org.hibernate.orm.connections.pooling    : HHH10001005: Database info:
	Database JDBC URL [jdbc:mysql://127.0.0.1:3306/pueblahealth]
	Database driver: MySQL Connector/J
	Database dialect: MySQLDialect
	Database version: 5.5.5
	Default catalog/schema: pueblahealth/undefined
	Autocommit mode: undefined/unknown
	Isolation level: REPEATABLE_READ [default REPEATABLE_READ]
	JDBC fetch size: none
	Pool: DataSourceConnectionProvider
	Minimum pool size: undefined/unknown
	Maximum pool size: undefined/unknown
2026-03-24T10:06:54.096-06:00  INFO 9496 --- [back] [main] org.hibernate.orm.core                   : HHH000489: No JTA platform available (set 'hibernate.transaction.jta.platform' to enable JTA platform integration)
2026-03-24T10:06:54.182-06:00  INFO 9496 --- [back] [main] j.LocalContainerEntityManagerFactoryBean : Initialized JPA EntityManagerFactory for persistence unit 'default'
2026-03-24T10:06:54.251-06:00  INFO 9496 --- [back] [main] o.s.d.j.r.query.QueryEnhancerFactories   : Hibernate is in classpath; If applicable, HQL parser will be used.
2026-03-24T10:06:54.537-06:00  WARN 9496 --- [back] [main] JpaBaseConfiguration$JpaWebConfiguration : spring.jpa.open-in-view is enabled by default. Therefore, database queries may be performed during view rendering. Explicitly configure spring.jpa.open-in-view to disable this warning
2026-03-24T10:06:54.637-06:00  WARN 9496 --- [back] [main] .s.a.UserDetailsServiceAutoConfiguration : 

Using generated security password: 48457e81-7595-4b68-b623-df4d9ccc1b51

This generated password is for development use only. Your security configuration must be updated before running your application in production.

2026-03-24T10:06:54.646-06:00  INFO 9496 --- [back] [main] r$InitializeUserDetailsManagerConfigurer : Global AuthenticationManager configured with UserDetailsService bean with name inMemoryUserDetailsManager
2026-03-24T10:06:55.121-06:00  INFO 9496 --- [back] [main] o.s.boot.tomcat.TomcatWebServer          : Tomcat started on port 8080 (http) with context path '/'
2026-03-24T10:06:55.126-06:00  INFO 9496 --- [back] [main] com.pueblahealth.back.BackApplication    : Started BackApplication in 4.826 seconds (process running for 5.328)
2026-03-24T10:07:13.333-06:00  INFO 9496 --- [back] [http-nio-8080-exec-1] o.a.c.c.C.[Tomcat].[localhost].[/]       : Initializing Spring DispatcherServlet 'dispatcherServlet'
2026-03-24T10:07:13.334-06:00  INFO 9496 --- [back] [http-nio-8080-exec-1] o.s.web.servlet.DispatcherServlet        : Initializing Servlet 'dispatcherServlet'
2026-03-24T10:07:13.336-06:00  INFO 9496 --- [back] [http-nio-8080-exec-1] o.s.web.servlet.DispatcherServlet        : Completed initialization in 2 ms
2026-03-24T10:07:13.633-06:00 ERROR 9496 --- [back] [http-nio-8080-exec-1] c.pueblahealth.back.service.AuthService  : [CRITICAL] Error al descifrar datos

javax.crypto.IllegalBlockSizeException: Input length must be multiple of 16 when decrypting with padded cipher
	at java.base/com.sun.crypto.provider.CipherCore.prepareInputBuffer(CipherCore.java:890) ~[na:na]
	at java.base/com.sun.crypto.provider.CipherCore.doFinal(CipherCore.java:729) ~[na:na]
	at java.base/com.sun.crypto.provider.AESCipher.engineDoFinal(AESCipher.java:446) ~[na:na]
	at java.base/javax.crypto.Cipher.doFinal(Cipher.java:2260) ~[na:na]
	at com.pueblahealth.back.utils.AesUtil.decrypt(AesUtil.java:55) ~[classes/:na]
	at com.pueblahealth.back.service.AuthService.login(AuthService.java:121) ~[classes/:na]
	at java.base/jdk.internal.reflect.DirectMethodHandleAccessor.invoke(DirectMethodHandleAccessor.java:104) ~[na:na]
	at java.base/java.lang.reflect.Method.invoke(Method.java:565) ~[na:na]
	at org.springframework.aop.support.AopUtils.invokeJoinpointUsingReflection(AopUtils.java:359) ~[spring-aop-7.0.5.jar:7.0.5]
	at org.springframework.aop.framework.ReflectiveMethodInvocation.invokeJoinpoint(ReflectiveMethodInvocation.java:190) ~[spring-aop-7.0.5.jar:7.0.5]
	at org.springframework.aop.framework.ReflectiveMethodInvocation.proceed(ReflectiveMethodInvocation.java:158) ~[spring-aop-7.0.5.jar:7.0.5]
	at org.springframework.transaction.interceptor.TransactionInterceptor$1.proceedWithInvocation(TransactionInterceptor.java:133) ~[spring-tx-7.0.5.jar:7.0.5]
	at org.springframework.transaction.interceptor.TransactionAspectSupport.invokeWithinTransaction(TransactionAspectSupport.java:371) ~[spring-tx-7.0.5.jar:7.0.5]
	at org.springframework.transaction.interceptor.TransactionInterceptor.invoke(TransactionInterceptor.java:130) ~[spring-tx-7.0.5.jar:7.0.5]
	at org.springframework.aop.framework.ReflectiveMethodInvocation.proceed(ReflectiveMethodInvocation.java:179) ~[spring-aop-7.0.5.jar:7.0.5]
	at org.springframework.aop.framework.CglibAopProxy$DynamicAdvisedInterceptor.intercept(CglibAopProxy.java:719) ~[spring-aop-7.0.5.jar:7.0.5]
	at com.pueblahealth.back.service.AuthService$$SpringCGLIB$$0.login(<generated>) ~[classes/:na]
	at com.pueblahealth.back.controller.AuthController.login(AuthController.java:30) ~[classes/:na]
	at java.base/jdk.internal.reflect.DirectMethodHandleAccessor.invoke(DirectMethodHandleAccessor.java:104) ~[na:na]
	at java.base/java.lang.reflect.Method.invoke(Method.java:565) ~[na:na]
	at org.springframework.web.method.support.InvocableHandlerMethod.doInvoke(InvocableHandlerMethod.java:252) ~[spring-web-7.0.5.jar:7.0.5]
	at org.springframework.web.method.support.InvocableHandlerMethod.invokeForRequest(InvocableHandlerMethod.java:184) ~[spring-web-7.0.5.jar:7.0.5]
	at org.springframework.web.servlet.mvc.method.annotation.ServletInvocableHandlerMethod.invokeAndHandle(ServletInvocableHandlerMethod.java:117) ~[spring-webmvc-7.0.5.jar:7.0.5]
	at org.springframework.web.servlet.mvc.method.annotation.RequestMappingHandlerAdapter.invokeHandlerMethod(RequestMappingHandlerAdapter.java:934) ~[spring-webmvc-7.0.5.jar:7.0.5]
	at org.springframework.web.servlet.mvc.method.annotation.RequestMappingHandlerAdapter.handleInternal(RequestMappingHandlerAdapter.java:853) ~[spring-webmvc-7.0.5.jar:7.0.5]
	at org.springframework.web.servlet.mvc.method.AbstractHandlerMethodAdapter.handle(AbstractHandlerMethodAdapter.java:86) ~[spring-webmvc-7.0.5.jar:7.0.5]
	at org.springframework.web.servlet.DispatcherServlet.doDispatch(DispatcherServlet.java:963) ~[spring-webmvc-7.0.5.jar:7.0.5]
	at org.springframework.web.servlet.DispatcherServlet.doService(DispatcherServlet.java:866) ~[spring-webmvc-7.0.5.jar:7.0.5]
	at org.springframework.web.servlet.FrameworkServlet.processRequest(FrameworkServlet.java:1000) ~[spring-webmvc-7.0.5.jar:7.0.5]
	at org.springframework.web.servlet.FrameworkServlet.doPost(FrameworkServlet.java:903) ~[spring-webmvc-7.0.5.jar:7.0.5]
	at jakarta.servlet.http.HttpServlet.service(HttpServlet.java:649) ~[tomcat-embed-core-11.0.18.jar:6.1]
	at org.springframework.web.servlet.FrameworkServlet.service(FrameworkServlet.java:874) ~[spring-webmvc-7.0.5.jar:7.0.5]
	at jakarta.servlet.http.HttpServlet.service(HttpServlet.java:710) ~[tomcat-embed-core-11.0.18.jar:6.1]
	at org.apache.catalina.core.ApplicationFilterChain.doFilter(ApplicationFilterChain.java:128) ~[tomcat-embed-core-11.0.18.jar:11.0.18]
	at org.apache.tomcat.websocket.server.WsFilter.doFilter(WsFilter.java:53) ~[tomcat-embed-websocket-11.0.18.jar:11.0.18]
	at org.apache.catalina.core.ApplicationFilterChain.doFilter(ApplicationFilterChain.java:107) ~[tomcat-embed-core-11.0.18.jar:11.0.18]
	at org.springframework.web.filter.CompositeFilter$VirtualFilterChain.doFilter(CompositeFilter.java:108) ~[spring-web-7.0.5.jar:7.0.5]
	at org.springframework.security.web.FilterChainProxy.lambda$doFilterInternal$3(FilterChainProxy.java:235) ~[spring-security-web-7.0.3.jar:7.0.3]
	at org.springframework.security.web.FilterChainProxy$VirtualFilterChain.doFilter(FilterChainProxy.java:371) ~[spring-security-web-7.0.3.jar:7.0.3]
	at org.springframework.security.web.access.intercept.AuthorizationFilter.doFilter(AuthorizationFilter.java:101) ~[spring-security-web-7.0.3.jar:7.0.3]
	at org.springframework.security.web.FilterChainProxy$VirtualFilterChain.doFilter(FilterChainProxy.java:380) ~[spring-security-web-7.0.3.jar:7.0.3]
	at org.springframework.security.web.access.ExceptionTranslationFilter.doFilter(ExceptionTranslationFilter.java:126) ~[spring-security-web-7.0.3.jar:7.0.3]
	at org.springframework.security.web.access.ExceptionTranslationFilter.doFilter(ExceptionTranslationFilter.java:120) ~[spring-security-web-7.0.3.jar:7.0.3]
	at org.springframework.security.web.FilterChainProxy$VirtualFilterChain.doFilter(FilterChainProxy.java:380) ~[spring-security-web-7.0.3.jar:7.0.3]
	at org.springframework.security.web.authentication.AnonymousAuthenticationFilter.doFilter(AnonymousAuthenticationFilter.java:100) ~[spring-security-web-7.0.3.jar:7.0.3]
	at org.springframework.security.web.FilterChainProxy$VirtualFilterChain.doFilter(FilterChainProxy.java:380) ~[spring-security-web-7.0.3.jar:7.0.3]
	at org.springframework.security.web.servletapi.SecurityContextHolderAwareRequestFilter.doFilter(SecurityContextHolderAwareRequestFilter.java:181) ~[spring-security-web-7.0.3.jar:7.0.3]
	at org.springframework.security.web.FilterChainProxy$VirtualFilterChain.doFilter(FilterChainProxy.java:380) ~[spring-security-web-7.0.3.jar:7.0.3]
	at org.springframework.security.web.savedrequest.RequestCacheAwareFilter.doFilter(RequestCacheAwareFilter.java:63) ~[spring-security-web-7.0.3.jar:7.0.3]
	at org.springframework.security.web.FilterChainProxy$VirtualFilterChain.doFilter(FilterChainProxy.java:380) ~[spring-security-web-7.0.3.jar:7.0.3]
	at org.springframework.security.web.authentication.logout.LogoutFilter.doFilter(LogoutFilter.java:110) ~[spring-security-web-7.0.3.jar:7.0.3]
	at org.springframework.security.web.authentication.logout.LogoutFilter.doFilter(LogoutFilter.java:96) ~[spring-security-web-7.0.3.jar:7.0.3]
	at org.springframework.security.web.FilterChainProxy$VirtualFilterChain.doFilter(FilterChainProxy.java:380) ~[spring-security-web-7.0.3.jar:7.0.3]
	at org.springframework.security.web.header.HeaderWriterFilter.doHeadersAfter(HeaderWriterFilter.java:90) ~[spring-security-web-7.0.3.jar:7.0.3]
	at org.springframework.security.web.header.HeaderWriterFilter.doFilterInternal(HeaderWriterFilter.java:75) ~[spring-security-web-7.0.3.jar:7.0.3]
	at org.springframework.web.filter.OncePerRequestFilter.doFilter(OncePerRequestFilter.java:116) ~[spring-web-7.0.5.jar:7.0.5]
	at org.springframework.security.web.FilterChainProxy$VirtualFilterChain.doFilter(FilterChainProxy.java:380) ~[spring-security-web-7.0.3.jar:7.0.3]
	at org.springframework.security.web.context.SecurityContextHolderFilter.doFilter(SecurityContextHolderFilter.java:82) ~[spring-security-web-7.0.3.jar:7.0.3]
	at org.springframework.security.web.context.SecurityContextHolderFilter.doFilter(SecurityContextHolderFilter.java:69) ~[spring-security-web-7.0.3.jar:7.0.3]
	at org.springframework.security.web.FilterChainProxy$VirtualFilterChain.doFilter(FilterChainProxy.java:380) ~[spring-security-web-7.0.3.jar:7.0.3]
	at org.springframework.security.web.context.request.async.WebAsyncManagerIntegrationFilter.doFilterInternal(WebAsyncManagerIntegrationFilter.java:62) ~[spring-security-web-7.0.3.jar:7.0.3]
	at org.springframework.web.filter.OncePerRequestFilter.doFilter(OncePerRequestFilter.java:116) ~[spring-web-7.0.5.jar:7.0.5]
	at org.springframework.security.web.FilterChainProxy$VirtualFilterChain.doFilter(FilterChainProxy.java:380) ~[spring-security-web-7.0.3.jar:7.0.3]
	at org.springframework.security.web.session.DisableEncodeUrlFilter.doFilterInternal(DisableEncodeUrlFilter.java:42) ~[spring-security-web-7.0.3.jar:7.0.3]
	at org.springframework.web.filter.OncePerRequestFilter.doFilter(OncePerRequestFilter.java:116) ~[spring-web-7.0.5.jar:7.0.5]
	at org.springframework.security.web.FilterChainProxy$VirtualFilterChain.doFilter(FilterChainProxy.java:380) ~[spring-security-web-7.0.3.jar:7.0.3]
	at org.springframework.security.web.FilterChainProxy.doFilterInternal(FilterChainProxy.java:237) ~[spring-security-web-7.0.3.jar:7.0.3]
	at org.springframework.security.web.FilterChainProxy.doFilter(FilterChainProxy.java:195) ~[spring-security-web-7.0.3.jar:7.0.3]
	at org.springframework.web.filter.CompositeFilter$VirtualFilterChain.doFilter(CompositeFilter.java:113) ~[spring-web-7.0.5.jar:7.0.5]
	at org.springframework.web.filter.ServletRequestPathFilter.doFilter(ServletRequestPathFilter.java:52) ~[spring-web-7.0.5.jar:7.0.5]
	at org.springframework.web.filter.CompositeFilter$VirtualFilterChain.doFilter(CompositeFilter.java:113) ~[spring-web-7.0.5.jar:7.0.5]
	at org.springframework.web.filter.CompositeFilter.doFilter(CompositeFilter.java:74) ~[spring-web-7.0.5.jar:7.0.5]
	at org.springframework.security.config.annotation.web.configuration.WebSecurityConfiguration$CompositeFilterChainProxy.doFilter(WebSecurityConfiguration.java:317) ~[spring-security-config-7.0.3.jar:7.0.3]
	at org.springframework.web.filter.DelegatingFilterProxy.invokeDelegate(DelegatingFilterProxy.java:355) ~[spring-web-7.0.5.jar:7.0.5]
	at org.springframework.web.filter.DelegatingFilterProxy.doFilter(DelegatingFilterProxy.java:272) ~[spring-web-7.0.5.jar:7.0.5]
	at org.apache.catalina.core.ApplicationFilterChain.doFilter(ApplicationFilterChain.java:107) ~[tomcat-embed-core-11.0.18.jar:11.0.18]
	at org.springframework.web.filter.RequestContextFilter.doFilterInternal(RequestContextFilter.java:100) ~[spring-web-7.0.5.jar:7.0.5]
	at org.springframework.web.filter.OncePerRequestFilter.doFilter(OncePerRequestFilter.java:116) ~[spring-web-7.0.5.jar:7.0.5]
	at org.apache.catalina.core.ApplicationFilterChain.doFilter(ApplicationFilterChain.java:107) ~[tomcat-embed-core-11.0.18.jar:11.0.18]
	at org.springframework.web.filter.FormContentFilter.doFilterInternal(FormContentFilter.java:93) ~[spring-web-7.0.5.jar:7.0.5]
	at org.springframework.web.filter.OncePerRequestFilter.doFilter(OncePerRequestFilter.java:116) ~[spring-web-7.0.5.jar:7.0.5]
	at org.apache.catalina.core.ApplicationFilterChain.doFilter(ApplicationFilterChain.java:107) ~[tomcat-embed-core-11.0.18.jar:11.0.18]
	at org.springframework.web.filter.CharacterEncodingFilter.doFilterInternal(CharacterEncodingFilter.java:199) ~[spring-web-7.0.5.jar:7.0.5]
	at org.springframework.web.filter.OncePerRequestFilter.doFilter(OncePerRequestFilter.java:116) ~[spring-web-7.0.5.jar:7.0.5]
	at org.apache.catalina.core.ApplicationFilterChain.doFilter(ApplicationFilterChain.java:107) ~[tomcat-embed-core-11.0.18.jar:11.0.18]
	at org.apache.catalina.core.StandardWrapperValve.invoke(StandardWrapperValve.java:165) ~[tomcat-embed-core-11.0.18.jar:11.0.18]
	at org.apache.catalina.core.StandardContextValve.invoke(StandardContextValve.java:77) ~[tomcat-embed-core-11.0.18.jar:11.0.18]
	at org.apache.catalina.authenticator.AuthenticatorBase.invoke(AuthenticatorBase.java:492) ~[tomcat-embed-core-11.0.18.jar:11.0.18]
	at org.apache.catalina.core.StandardHostValve.invoke(StandardHostValve.java:113) ~[tomcat-embed-core-11.0.18.jar:11.0.18]
	at org.apache.catalina.valves.ErrorReportValve.invoke(ErrorReportValve.java:83) ~[tomcat-embed-core-11.0.18.jar:11.0.18]
	at org.apache.catalina.core.StandardEngineValve.invoke(StandardEngineValve.java:72) ~[tomcat-embed-core-11.0.18.jar:11.0.18]
	at org.apache.catalina.connector.CoyoteAdapter.service(CoyoteAdapter.java:341) ~[tomcat-embed-core-11.0.18.jar:11.0.18]
	at org.apache.coyote.http11.Http11Processor.service(Http11Processor.java:397) ~[tomcat-embed-core-11.0.18.jar:11.0.18]
	at org.apache.coyote.AbstractProcessorLight.process(AbstractProcessorLight.java:63) ~[tomcat-embed-core-11.0.18.jar:11.0.18]
	at org.apache.coyote.AbstractProtocol$ConnectionHandler.process(AbstractProtocol.java:903) ~[tomcat-embed-core-11.0.18.jar:11.0.18]
	at org.apache.tomcat.util.net.NioEndpoint$SocketProcessor.doRun(NioEndpoint.java:1779) ~[tomcat-embed-core-11.0.18.jar:11.0.18]
	at org.apache.tomcat.util.net.SocketProcessorBase.run(SocketProcessorBase.java:52) ~[tomcat-embed-core-11.0.18.jar:11.0.18]
	at org.apache.tomcat.util.threads.ThreadPoolExecutor.runWorker(ThreadPoolExecutor.java:946) ~[tomcat-embed-core-11.0.18.jar:11.0.18]
	at org.apache.tomcat.util.threads.ThreadPoolExecutor$Worker.run(ThreadPoolExecutor.java:480) ~[tomcat-embed-core-11.0.18.jar:11.0.18]
	at org.apache.tomcat.util.threads.TaskThread$WrappingRunnable.run(TaskThread.java:57) ~[tomcat-embed-core-11.0.18.jar:11.0.18]
	at java.base/java.lang.Thread.run(Thread.java:1474) ~[na:na]

2026-03-24T10:07:13.663-06:00 ERROR 9496 --- [back] [http-nio-8080-exec-1] o.a.c.c.C.[.[.[/].[dispatcherServlet]    : Servlet.service() for servlet [dispatcherServlet] in context with path [] threw exception [Request processing failed: java.lang.RuntimeException: Error de seguridad en la solicitud] with root cause

java.lang.RuntimeException: Error de seguridad en la solicitud
	at com.pueblahealth.back.service.AuthService.login(AuthService.java:125) ~[classes/:na]
	at java.base/jdk.internal.reflect.DirectMethodHandleAccessor.invoke(DirectMethodHandleAccessor.java:104) ~[na:na]
	at java.base/java.lang.reflect.Method.invoke(Method.java:565) ~[na:na]
	at org.springframework.aop.support.AopUtils.invokeJoinpointUsingReflection(AopUtils.java:359) ~[spring-aop-7.0.5.jar:7.0.5]
	at org.springframework.aop.framework.ReflectiveMethodInvocation.invokeJoinpoint(ReflectiveMethodInvocation.java:190) ~[spring-aop-7.0.5.jar:7.0.5]
	at org.springframework.aop.framework.ReflectiveMethodInvocation.proceed(ReflectiveMethodInvocation.java:158) ~[spring-aop-7.0.5.jar:7.0.5]
	at org.springframework.transaction.interceptor.TransactionInterceptor$1.proceedWithInvocation(TransactionInterceptor.java:133) ~[spring-tx-7.0.5.jar:7.0.5]
	at org.springframework.transaction.interceptor.TransactionAspectSupport.invokeWithinTransaction(TransactionAspectSupport.java:371) ~[spring-tx-7.0.5.jar:7.0.5]
	at org.springframework.transaction.interceptor.TransactionInterceptor.invoke(TransactionInterceptor.java:130) ~[spring-tx-7.0.5.jar:7.0.5]
	at org.springframework.aop.framework.ReflectiveMethodInvocation.proceed(ReflectiveMethodInvocation.java:179) ~[spring-aop-7.0.5.jar:7.0.5]
	at org.springframework.aop.framework.CglibAopProxy$DynamicAdvisedInterceptor.intercept(CglibAopProxy.java:719) ~[spring-aop-7.0.5.jar:7.0.5]
	at com.pueblahealth.back.service.AuthService$$SpringCGLIB$$0.login(<generated>) ~[classes/:na]
	at com.pueblahealth.back.controller.AuthController.login(AuthController.java:30) ~[classes/:na]
	at java.base/jdk.internal.reflect.DirectMethodHandleAccessor.invoke(DirectMethodHandleAccessor.java:104) ~[na:na]
	at java.base/java.lang.reflect.Method.invoke(Method.java:565) ~[na:na]
	at org.springframework.web.method.support.InvocableHandlerMethod.doInvoke(InvocableHandlerMethod.java:252) ~[spring-web-7.0.5.jar:7.0.5]
	at org.springframework.web.method.support.InvocableHandlerMethod.invokeForRequest(InvocableHandlerMethod.java:184) ~[spring-web-7.0.5.jar:7.0.5]
	at org.springframework.web.servlet.mvc.method.annotation.ServletInvocableHandlerMethod.invokeAndHandle(ServletInvocableHandlerMethod.java:117) ~[spring-webmvc-7.0.5.jar:7.0.5]
	at org.springframework.web.servlet.mvc.method.annotation.RequestMappingHandlerAdapter.invokeHandlerMethod(RequestMappingHandlerAdapter.java:934) ~[spring-webmvc-7.0.5.jar:7.0.5]
	at org.springframework.web.servlet.mvc.method.annotation.RequestMappingHandlerAdapter.handleInternal(RequestMappingHandlerAdapter.java:853) ~[spring-webmvc-7.0.5.jar:7.0.5]
	at org.springframework.web.servlet.mvc.method.AbstractHandlerMethodAdapter.handle(AbstractHandlerMethodAdapter.java:86) ~[spring-webmvc-7.0.5.jar:7.0.5]
	at org.springframework.web.servlet.DispatcherServlet.doDispatch(DispatcherServlet.java:963) ~[spring-webmvc-7.0.5.jar:7.0.5]
	at org.springframework.web.servlet.DispatcherServlet.doService(DispatcherServlet.java:866) ~[spring-webmvc-7.0.5.jar:7.0.5]
	at org.springframework.web.servlet.FrameworkServlet.processRequest(FrameworkServlet.java:1000) ~[spring-webmvc-7.0.5.jar:7.0.5]
	at org.springframework.web.servlet.FrameworkServlet.doPost(FrameworkServlet.java:903) ~[spring-webmvc-7.0.5.jar:7.0.5]
	at jakarta.servlet.http.HttpServlet.service(HttpServlet.java:649) ~[tomcat-embed-core-11.0.18.jar:6.1]
	at org.springframework.web.servlet.FrameworkServlet.service(FrameworkServlet.java:874) ~[spring-webmvc-7.0.5.jar:7.0.5]
	at jakarta.servlet.http.HttpServlet.service(HttpServlet.java:710) ~[tomcat-embed-core-11.0.18.jar:6.1]
	at org.apache.catalina.core.ApplicationFilterChain.doFilter(ApplicationFilterChain.java:128) ~[tomcat-embed-core-11.0.18.jar:11.0.18]
	at org.apache.tomcat.websocket.server.WsFilter.doFilter(WsFilter.java:53) ~[tomcat-embed-websocket-11.0.18.jar:11.0.18]
	at org.apache.catalina.core.ApplicationFilterChain.doFilter(ApplicationFilterChain.java:107) ~[tomcat-embed-core-11.0.18.jar:11.0.18]
	at org.springframework.web.filter.CompositeFilter$VirtualFilterChain.doFilter(CompositeFilter.java:108) ~[spring-web-7.0.5.jar:7.0.5]
	at org.springframework.security.web.FilterChainProxy.lambda$doFilterInternal$3(FilterChainProxy.java:235) ~[spring-security-web-7.0.3.jar:7.0.3]
	at org.springframework.security.web.FilterChainProxy$VirtualFilterChain.doFilter(FilterChainProxy.java:371) ~[spring-security-web-7.0.3.jar:7.0.3]
	at org.springframework.security.web.access.intercept.AuthorizationFilter.doFilter(AuthorizationFilter.java:101) ~[spring-security-web-7.0.3.jar:7.0.3]
	at org.springframework.security.web.FilterChainProxy$VirtualFilterChain.doFilter(FilterChainProxy.java:380) ~[spring-security-web-7.0.3.jar:7.0.3]
	at org.springframework.security.web.access.ExceptionTranslationFilter.doFilter(ExceptionTranslationFilter.java:126) ~[spring-security-web-7.0.3.jar:7.0.3]
	at org.springframework.security.web.access.ExceptionTranslationFilter.doFilter(ExceptionTranslationFilter.java:120) ~[spring-security-web-7.0.3.jar:7.0.3]
	at org.springframework.security.web.FilterChainProxy$VirtualFilterChain.doFilter(FilterChainProxy.java:380) ~[spring-security-web-7.0.3.jar:7.0.3]
	at org.springframework.security.web.authentication.AnonymousAuthenticationFilter.doFilter(AnonymousAuthenticationFilter.java:100) ~[spring-security-web-7.0.3.jar:7.0.3]
	at org.springframework.security.web.FilterChainProxy$VirtualFilterChain.doFilter(FilterChainProxy.java:380) ~[spring-security-web-7.0.3.jar:7.0.3]
	at org.springframework.security.web.servletapi.SecurityContextHolderAwareRequestFilter.doFilter(SecurityContextHolderAwareRequestFilter.java:181) ~[spring-security-web-7.0.3.jar:7.0.3]
	at org.springframework.security.web.FilterChainProxy$VirtualFilterChain.doFilter(FilterChainProxy.java:380) ~[spring-security-web-7.0.3.jar:7.0.3]
	at org.springframework.security.web.savedrequest.RequestCacheAwareFilter.doFilter(RequestCacheAwareFilter.java:63) ~[spring-security-web-7.0.3.jar:7.0.3]
	at org.springframework.security.web.FilterChainProxy$VirtualFilterChain.doFilter(FilterChainProxy.java:380) ~[spring-security-web-7.0.3.jar:7.0.3]
	at org.springframework.security.web.authentication.logout.LogoutFilter.doFilter(LogoutFilter.java:110) ~[spring-security-web-7.0.3.jar:7.0.3]
	at org.springframework.security.web.authentication.logout.LogoutFilter.doFilter(LogoutFilter.java:96) ~[spring-security-web-7.0.3.jar:7.0.3]
	at org.springframework.security.web.FilterChainProxy$VirtualFilterChain.doFilter(FilterChainProxy.java:380) ~[spring-security-web-7.0.3.jar:7.0.3]
	at org.springframework.security.web.header.HeaderWriterFilter.doHeadersAfter(HeaderWriterFilter.java:90) ~[spring-security-web-7.0.3.jar:7.0.3]
	at org.springframework.security.web.header.HeaderWriterFilter.doFilterInternal(HeaderWriterFilter.java:75) ~[spring-security-web-7.0.3.jar:7.0.3]
	at org.springframework.web.filter.OncePerRequestFilter.doFilter(OncePerRequestFilter.java:116) ~[spring-web-7.0.5.jar:7.0.5]
	at org.springframework.security.web.FilterChainProxy$VirtualFilterChain.doFilter(FilterChainProxy.java:380) ~[spring-security-web-7.0.3.jar:7.0.3]
	at org.springframework.security.web.context.SecurityContextHolderFilter.doFilter(SecurityContextHolderFilter.java:82) ~[spring-security-web-7.0.3.jar:7.0.3]
	at org.springframework.security.web.context.SecurityContextHolderFilter.doFilter(SecurityContextHolderFilter.java:69) ~[spring-security-web-7.0.3.jar:7.0.3]
	at org.springframework.security.web.FilterChainProxy$VirtualFilterChain.doFilter(FilterChainProxy.java:380) ~[spring-security-web-7.0.3.jar:7.0.3]
	at org.springframework.security.web.context.request.async.WebAsyncManagerIntegrationFilter.doFilterInternal(WebAsyncManagerIntegrationFilter.java:62) ~[spring-security-web-7.0.3.jar:7.0.3]
	at org.springframework.web.filter.OncePerRequestFilter.doFilter(OncePerRequestFilter.java:116) ~[spring-web-7.0.5.jar:7.0.5]
	at org.springframework.security.web.FilterChainProxy$VirtualFilterChain.doFilter(FilterChainProxy.java:380) ~[spring-security-web-7.0.3.jar:7.0.3]
	at org.springframework.security.web.session.DisableEncodeUrlFilter.doFilterInternal(DisableEncodeUrlFilter.java:42) ~[spring-security-web-7.0.3.jar:7.0.3]
	at org.springframework.web.filter.OncePerRequestFilter.doFilter(OncePerRequestFilter.java:116) ~[spring-web-7.0.5.jar:7.0.5]
	at org.springframework.security.web.FilterChainProxy$VirtualFilterChain.doFilter(FilterChainProxy.java:380) ~[spring-security-web-7.0.3.jar:7.0.3]
	at org.springframework.security.web.FilterChainProxy.doFilterInternal(FilterChainProxy.java:237) ~[spring-security-web-7.0.3.jar:7.0.3]
	at org.springframework.security.web.FilterChainProxy.doFilter(FilterChainProxy.java:195) ~[spring-security-web-7.0.3.jar:7.0.3]
	at org.springframework.web.filter.CompositeFilter$VirtualFilterChain.doFilter(CompositeFilter.java:113) ~[spring-web-7.0.5.jar:7.0.5]
	at org.springframework.web.filter.ServletRequestPathFilter.doFilter(ServletRequestPathFilter.java:52) ~[spring-web-7.0.5.jar:7.0.5]
	at org.springframework.web.filter.CompositeFilter$VirtualFilterChain.doFilter(CompositeFilter.java:113) ~[spring-web-7.0.5.jar:7.0.5]
	at org.springframework.web.filter.CompositeFilter.doFilter(CompositeFilter.java:74) ~[spring-web-7.0.5.jar:7.0.5]
	at org.springframework.security.config.annotation.web.configuration.WebSecurityConfiguration$CompositeFilterChainProxy.doFilter(WebSecurityConfiguration.java:317) ~[spring-security-config-7.0.3.jar:7.0.3]
	at org.springframework.web.filter.DelegatingFilterProxy.invokeDelegate(DelegatingFilterProxy.java:355) ~[spring-web-7.0.5.jar:7.0.5]
	at org.springframework.web.filter.DelegatingFilterProxy.doFilter(DelegatingFilterProxy.java:272) ~[spring-web-7.0.5.jar:7.0.5]
	at org.apache.catalina.core.ApplicationFilterChain.doFilter(ApplicationFilterChain.java:107) ~[tomcat-embed-core-11.0.18.jar:11.0.18]
	at org.springframework.web.filter.RequestContextFilter.doFilterInternal(RequestContextFilter.java:100) ~[spring-web-7.0.5.jar:7.0.5]
	at org.springframework.web.filter.OncePerRequestFilter.doFilter(OncePerRequestFilter.java:116) ~[spring-web-7.0.5.jar:7.0.5]
	at org.apache.catalina.core.ApplicationFilterChain.doFilter(ApplicationFilterChain.java:107) ~[tomcat-embed-core-11.0.18.jar:11.0.18]
	at org.springframework.web.filter.FormContentFilter.doFilterInternal(FormContentFilter.java:93) ~[spring-web-7.0.5.jar:7.0.5]
	at org.springframework.web.filter.OncePerRequestFilter.doFilter(OncePerRequestFilter.java:116) ~[spring-web-7.0.5.jar:7.0.5]
	at org.apache.catalina.core.ApplicationFilterChain.doFilter(ApplicationFilterChain.java:107) ~[tomcat-embed-core-11.0.18.jar:11.0.18]
	at org.springframework.web.filter.CharacterEncodingFilter.doFilterInternal(CharacterEncodingFilter.java:199) ~[spring-web-7.0.5.jar:7.0.5]
	at org.springframework.web.filter.OncePerRequestFilter.doFilter(OncePerRequestFilter.java:116) ~[spring-web-7.0.5.jar:7.0.5]
	at org.apache.catalina.core.ApplicationFilterChain.doFilter(ApplicationFilterChain.java:107) ~[tomcat-embed-core-11.0.18.jar:11.0.18]
	at org.apache.catalina.core.StandardWrapperValve.invoke(StandardWrapperValve.java:165) ~[tomcat-embed-core-11.0.18.jar:11.0.18]
	at org.apache.catalina.core.StandardContextValve.invoke(StandardContextValve.java:77) ~[tomcat-embed-core-11.0.18.jar:11.0.18]
	at org.apache.catalina.authenticator.AuthenticatorBase.invoke(AuthenticatorBase.java:492) ~[tomcat-embed-core-11.0.18.jar:11.0.18]
	at org.apache.catalina.core.StandardHostValve.invoke(StandardHostValve.java:113) ~[tomcat-embed-core-11.0.18.jar:11.0.18]
	at org.apache.catalina.valves.ErrorReportValve.invoke(ErrorReportValve.java:83) ~[tomcat-embed-core-11.0.18.jar:11.0.18]
	at org.apache.catalina.core.StandardEngineValve.invoke(StandardEngineValve.java:72) ~[tomcat-embed-core-11.0.18.jar:11.0.18]
	at org.apache.catalina.connector.CoyoteAdapter.service(CoyoteAdapter.java:341) ~[tomcat-embed-core-11.0.18.jar:11.0.18]
	at org.apache.coyote.http11.Http11Processor.service(Http11Processor.java:397) ~[tomcat-embed-core-11.0.18.jar:11.0.18]
	at org.apache.coyote.AbstractProcessorLight.process(AbstractProcessorLight.java:63) ~[tomcat-embed-core-11.0.18.jar:11.0.18]
	at org.apache.coyote.AbstractProtocol$ConnectionHandler.process(AbstractProtocol.java:903) ~[tomcat-embed-core-11.0.18.jar:11.0.18]
	at org.apache.tomcat.util.net.NioEndpoint$SocketProcessor.doRun(NioEndpoint.java:1779) ~[tomcat-embed-core-11.0.18.jar:11.0.18]
	at org.apache.tomcat.util.net.SocketProcessorBase.run(SocketProcessorBase.java:52) ~[tomcat-embed-core-11.0.18.jar:11.0.18]
	at org.apache.tomcat.util.threads.ThreadPoolExecutor.runWorker(ThreadPoolExecutor.java:946) ~[tomcat-embed-core-11.0.18.jar:11.0.18]
	at org.apache.tomcat.util.threads.ThreadPoolExecutor$Worker.run(ThreadPoolExecutor.java:480) ~[tomcat-embed-core-11.0.18.jar:11.0.18]
	at org.apache.tomcat.util.threads.TaskThread$WrappingRunnable.run(TaskThread.java:57) ~[tomcat-embed-core-11.0.18.jar:11.0.18]
	at java.base/java.lang.Thread.run(Thread.java:1474) ~[na:na]

2026-03-24T10:09:51.866-06:00  INFO 9496 --- [back] [SpringApplicationShutdownHook] o.s.boot.tomcat.GracefulShutdown         : Commencing graceful shutdown. Waiting for active requests to complete
2026-03-24T10:09:51.879-06:00  INFO 9496 --- [back] [tomcat-shutdown] o.s.boot.tomcat.GracefulShutdown         : Graceful shutdown complete
2026-03-24T10:09:51.883-06:00  INFO 9496 --- [back] [SpringApplicationShutdownHook] j.LocalContainerEntityManagerFactoryBean : Closing JPA EntityManagerFactory for persistence unit 'default'
2026-03-24T10:09:51.885-06:00  INFO 9496 --- [back] [SpringApplicationShutdownHook] com.zaxxer.hikari.HikariDataSource       : HikariPool-1 - Shutdown initiated...
2026-03-24T10:09:51.891-06:00  INFO 9496 --- [back] [SpringApplicationShutdownHook] com.zaxxer.hikari.HikariDataSource       : HikariPool-1 - Shutdown completed.
2026-03-24T10:09:58.561-06:00  INFO 6556 --- [back] [main] com.pueblahealth.back.BackApplication    : Starting BackApplication using Java 25.0.2 with PID 6556 (C:\Users\dylan\Documents\seguridadProyecto\PUEBLAHealth-Tech\back\target\classes started by dylan in C:\Users\dylan\Documents\seguridadProyecto\PUEBLAHealth-Tech)
2026-03-24T10:09:58.564-06:00 DEBUG 6556 --- [back] [main] com.pueblahealth.back.BackApplication    : Running with Spring Boot v4.0.3, Spring v7.0.5
2026-03-24T10:09:58.565-06:00  INFO 6556 --- [back] [main] com.pueblahealth.back.BackApplication    : No active profile set, falling back to 1 default profile: "default"
2026-03-24T10:09:59.382-06:00  INFO 6556 --- [back] [main] .s.d.r.c.RepositoryConfigurationDelegate : Bootstrapping Spring Data JPA repositories in DEFAULT mode.
2026-03-24T10:09:59.447-06:00  INFO 6556 --- [back] [main] .s.d.r.c.RepositoryConfigurationDelegate : Finished Spring Data repository scanning in 54 ms. Found 3 JPA repository interfaces.
2026-03-24T10:10:00.007-06:00  INFO 6556 --- [back] [main] o.s.boot.tomcat.TomcatWebServer          : Tomcat initialized with port 8080 (http)
2026-03-24T10:10:00.026-06:00  INFO 6556 --- [back] [main] o.apache.catalina.core.StandardService   : Starting service [Tomcat]
2026-03-24T10:10:00.027-06:00  INFO 6556 --- [back] [main] o.apache.catalina.core.StandardEngine    : Starting Servlet engine: [Apache Tomcat/11.0.18]
2026-03-24T10:10:00.088-06:00  INFO 6556 --- [back] [main] b.w.c.s.WebApplicationContextInitializer : Root WebApplicationContext: initialization completed in 1460 ms
2026-03-24T10:10:00.292-06:00  INFO 6556 --- [back] [main] org.hibernate.orm.jpa                    : HHH008540: Processing PersistenceUnitInfo [name: default]
2026-03-24T10:10:00.334-06:00  INFO 6556 --- [back] [main] org.hibernate.orm.core                   : HHH000001: Hibernate ORM core version 7.2.4.Final
2026-03-24T10:10:00.885-06:00  INFO 6556 --- [back] [main] o.s.o.j.p.SpringPersistenceUnitInfo      : No LoadTimeWeaver setup: ignoring JPA class transformer
2026-03-24T10:10:00.916-06:00  INFO 6556 --- [back] [main] com.zaxxer.hikari.HikariDataSource       : HikariPool-1 - Starting...
2026-03-24T10:10:01.069-06:00  INFO 6556 --- [back] [main] com.zaxxer.hikari.pool.HikariPool        : HikariPool-1 - Added connection com.mysql.cj.jdbc.ConnectionImpl@41f90b10
2026-03-24T10:10:01.071-06:00  INFO 6556 --- [back] [main] com.zaxxer.hikari.HikariDataSource       : HikariPool-1 - Start completed.
2026-03-24T10:10:01.166-06:00  WARN 6556 --- [back] [main] org.hibernate.orm.core                   : HHH000511: The 5.5.5 version for [org.hibernate.dialect.MySQLDialect] is no longer supported, hence certain features may not work properly.The minimum supported version is 8.0.0. Check the community dialects project for available legacy versions.
2026-03-24T10:10:01.205-06:00  INFO 6556 --- [back] [main] org.hibernate.orm.connections.pooling    : HHH10001005: Database info:
	Database JDBC URL [jdbc:mysql://127.0.0.1:3306/pueblahealth]
	Database driver: MySQL Connector/J
	Database dialect: MySQLDialect
	Database version: 5.5.5
	Default catalog/schema: pueblahealth/undefined
	Autocommit mode: undefined/unknown
	Isolation level: REPEATABLE_READ [default REPEATABLE_READ]
	JDBC fetch size: none
	Pool: DataSourceConnectionProvider
	Minimum pool size: undefined/unknown
	Maximum pool size: undefined/unknown
2026-03-24T10:10:01.976-06:00  INFO 6556 --- [back] [main] org.hibernate.orm.core                   : HHH000489: No JTA platform available (set 'hibernate.transaction.jta.platform' to enable JTA platform integration)
2026-03-24T10:10:02.059-06:00  INFO 6556 --- [back] [main] j.LocalContainerEntityManagerFactoryBean : Initialized JPA EntityManagerFactory for persistence unit 'default'
2026-03-24T10:10:02.147-06:00  INFO 6556 --- [back] [main] o.s.d.j.r.query.QueryEnhancerFactories   : Hibernate is in classpath; If applicable, HQL parser will be used.
2026-03-24T10:10:02.423-06:00  WARN 6556 --- [back] [main] JpaBaseConfiguration$JpaWebConfiguration : spring.jpa.open-in-view is enabled by default. Therefore, database queries may be performed during view rendering. Explicitly configure spring.jpa.open-in-view to disable this warning
2026-03-24T10:10:02.519-06:00  WARN 6556 --- [back] [main] .s.a.UserDetailsServiceAutoConfiguration : 

Using generated security password: 06398cb4-cae5-4d96-ad9b-ea36b923cf30

This generated password is for development use only. Your security configuration must be updated before running your application in production.

2026-03-24T10:10:02.526-06:00  INFO 6556 --- [back] [main] r$InitializeUserDetailsManagerConfigurer : Global AuthenticationManager configured with UserDetailsService bean with name inMemoryUserDetailsManager
2026-03-24T10:10:02.976-06:00  INFO 6556 --- [back] [main] o.s.boot.tomcat.TomcatWebServer          : Tomcat started on port 8080 (http) with context path '/'
2026-03-24T10:10:02.982-06:00  INFO 6556 --- [back] [main] com.pueblahealth.back.BackApplication    : Started BackApplication in 4.924 seconds (process running for 5.442)
2026-03-24T10:10:28.661-06:00  INFO 6556 --- [back] [http-nio-8080-exec-1] o.a.c.c.C.[Tomcat].[localhost].[/]       : Initializing Spring DispatcherServlet 'dispatcherServlet'
2026-03-24T10:10:28.662-06:00  INFO 6556 --- [back] [http-nio-8080-exec-1] o.s.web.servlet.DispatcherServlet        : Initializing Servlet 'dispatcherServlet'
2026-03-24T10:10:28.665-06:00  INFO 6556 --- [back] [http-nio-8080-exec-1] o.s.web.servlet.DispatcherServlet        : Completed initialization in 2 ms
2026-03-24T10:10:28.944-06:00 ERROR 6556 --- [back] [http-nio-8080-exec-1] c.pueblahealth.back.service.AuthService  : [CRITICAL] Error al descifrar datos

javax.crypto.IllegalBlockSizeException: Input length must be multiple of 16 when decrypting with padded cipher
	at java.base/com.sun.crypto.provider.CipherCore.prepareInputBuffer(CipherCore.java:890) ~[na:na]
	at java.base/com.sun.crypto.provider.CipherCore.doFinal(CipherCore.java:729) ~[na:na]
	at java.base/com.sun.crypto.provider.AESCipher.engineDoFinal(AESCipher.java:446) ~[na:na]
	at java.base/javax.crypto.Cipher.doFinal(Cipher.java:2260) ~[na:na]
	at com.pueblahealth.back.utils.AesUtil.decrypt(AesUtil.java:55) ~[classes/:na]
	at com.pueblahealth.back.service.AuthService.login(AuthService.java:122) ~[classes/:na]
	at java.base/jdk.internal.reflect.DirectMethodHandleAccessor.invoke(DirectMethodHandleAccessor.java:104) ~[na:na]
	at java.base/java.lang.reflect.Method.invoke(Method.java:565) ~[na:na]
	at org.springframework.aop.support.AopUtils.invokeJoinpointUsingReflection(AopUtils.java:359) ~[spring-aop-7.0.5.jar:7.0.5]
	at org.springframework.aop.framework.ReflectiveMethodInvocation.invokeJoinpoint(ReflectiveMethodInvocation.java:190) ~[spring-aop-7.0.5.jar:7.0.5]
	at org.springframework.aop.framework.ReflectiveMethodInvocation.proceed(ReflectiveMethodInvocation.java:158) ~[spring-aop-7.0.5.jar:7.0.5]
	at org.springframework.transaction.interceptor.TransactionInterceptor$1.proceedWithInvocation(TransactionInterceptor.java:133) ~[spring-tx-7.0.5.jar:7.0.5]
	at org.springframework.transaction.interceptor.TransactionAspectSupport.invokeWithinTransaction(TransactionAspectSupport.java:371) ~[spring-tx-7.0.5.jar:7.0.5]
	at org.springframework.transaction.interceptor.TransactionInterceptor.invoke(TransactionInterceptor.java:130) ~[spring-tx-7.0.5.jar:7.0.5]
	at org.springframework.aop.framework.ReflectiveMethodInvocation.proceed(ReflectiveMethodInvocation.java:179) ~[spring-aop-7.0.5.jar:7.0.5]
	at org.springframework.aop.framework.CglibAopProxy$DynamicAdvisedInterceptor.intercept(CglibAopProxy.java:719) ~[spring-aop-7.0.5.jar:7.0.5]
	at com.pueblahealth.back.service.AuthService$$SpringCGLIB$$0.login(<generated>) ~[classes/:na]
	at com.pueblahealth.back.controller.AuthController.login(AuthController.java:30) ~[classes/:na]
	at java.base/jdk.internal.reflect.DirectMethodHandleAccessor.invoke(DirectMethodHandleAccessor.java:104) ~[na:na]
	at java.base/java.lang.reflect.Method.invoke(Method.java:565) ~[na:na]
	at org.springframework.web.method.support.InvocableHandlerMethod.doInvoke(InvocableHandlerMethod.java:252) ~[spring-web-7.0.5.jar:7.0.5]
	at org.springframework.web.method.support.InvocableHandlerMethod.invokeForRequest(InvocableHandlerMethod.java:184) ~[spring-web-7.0.5.jar:7.0.5]
	at org.springframework.web.servlet.mvc.method.annotation.ServletInvocableHandlerMethod.invokeAndHandle(ServletInvocableHandlerMethod.java:117) ~[spring-webmvc-7.0.5.jar:7.0.5]
	at org.springframework.web.servlet.mvc.method.annotation.RequestMappingHandlerAdapter.invokeHandlerMethod(RequestMappingHandlerAdapter.java:934) ~[spring-webmvc-7.0.5.jar:7.0.5]
	at org.springframework.web.servlet.mvc.method.annotation.RequestMappingHandlerAdapter.handleInternal(RequestMappingHandlerAdapter.java:853) ~[spring-webmvc-7.0.5.jar:7.0.5]
	at org.springframework.web.servlet.mvc.method.AbstractHandlerMethodAdapter.handle(AbstractHandlerMethodAdapter.java:86) ~[spring-webmvc-7.0.5.jar:7.0.5]
	at org.springframework.web.servlet.DispatcherServlet.doDispatch(DispatcherServlet.java:963) ~[spring-webmvc-7.0.5.jar:7.0.5]
	at org.springframework.web.servlet.DispatcherServlet.doService(DispatcherServlet.java:866) ~[spring-webmvc-7.0.5.jar:7.0.5]
	at org.springframework.web.servlet.FrameworkServlet.processRequest(FrameworkServlet.java:1000) ~[spring-webmvc-7.0.5.jar:7.0.5]
	at org.springframework.web.servlet.FrameworkServlet.doPost(FrameworkServlet.java:903) ~[spring-webmvc-7.0.5.jar:7.0.5]
	at jakarta.servlet.http.HttpServlet.service(HttpServlet.java:649) ~[tomcat-embed-core-11.0.18.jar:6.1]
	at org.springframework.web.servlet.FrameworkServlet.service(FrameworkServlet.java:874) ~[spring-webmvc-7.0.5.jar:7.0.5]
	at jakarta.servlet.http.HttpServlet.service(HttpServlet.java:710) ~[tomcat-embed-core-11.0.18.jar:6.1]
	at org.apache.catalina.core.ApplicationFilterChain.doFilter(ApplicationFilterChain.java:128) ~[tomcat-embed-core-11.0.18.jar:11.0.18]
	at org.apache.tomcat.websocket.server.WsFilter.doFilter(WsFilter.java:53) ~[tomcat-embed-websocket-11.0.18.jar:11.0.18]
	at org.apache.catalina.core.ApplicationFilterChain.doFilter(ApplicationFilterChain.java:107) ~[tomcat-embed-core-11.0.18.jar:11.0.18]
	at org.springframework.web.filter.CompositeFilter$VirtualFilterChain.doFilter(CompositeFilter.java:108) ~[spring-web-7.0.5.jar:7.0.5]
	at org.springframework.security.web.FilterChainProxy.lambda$doFilterInternal$3(FilterChainProxy.java:235) ~[spring-security-web-7.0.3.jar:7.0.3]
	at org.springframework.security.web.FilterChainProxy$VirtualFilterChain.doFilter(FilterChainProxy.java:371) ~[spring-security-web-7.0.3.jar:7.0.3]
	at org.springframework.security.web.access.intercept.AuthorizationFilter.doFilter(AuthorizationFilter.java:101) ~[spring-security-web-7.0.3.jar:7.0.3]
	at org.springframework.security.web.FilterChainProxy$VirtualFilterChain.doFilter(FilterChainProxy.java:380) ~[spring-security-web-7.0.3.jar:7.0.3]
	at org.springframework.security.web.access.ExceptionTranslationFilter.doFilter(ExceptionTranslationFilter.java:126) ~[spring-security-web-7.0.3.jar:7.0.3]
	at org.springframework.security.web.access.ExceptionTranslationFilter.doFilter(ExceptionTranslationFilter.java:120) ~[spring-security-web-7.0.3.jar:7.0.3]
	at org.springframework.security.web.FilterChainProxy$VirtualFilterChain.doFilter(FilterChainProxy.java:380) ~[spring-security-web-7.0.3.jar:7.0.3]
	at org.springframework.security.web.authentication.AnonymousAuthenticationFilter.doFilter(AnonymousAuthenticationFilter.java:100) ~[spring-security-web-7.0.3.jar:7.0.3]
	at org.springframework.security.web.FilterChainProxy$VirtualFilterChain.doFilter(FilterChainProxy.java:380) ~[spring-security-web-7.0.3.jar:7.0.3]
	at org.springframework.security.web.servletapi.SecurityContextHolderAwareRequestFilter.doFilter(SecurityContextHolderAwareRequestFilter.java:181) ~[spring-security-web-7.0.3.jar:7.0.3]
	at org.springframework.security.web.FilterChainProxy$VirtualFilterChain.doFilter(FilterChainProxy.java:380) ~[spring-security-web-7.0.3.jar:7.0.3]
	at org.springframework.security.web.savedrequest.RequestCacheAwareFilter.doFilter(RequestCacheAwareFilter.java:63) ~[spring-security-web-7.0.3.jar:7.0.3]
	at org.springframework.security.web.FilterChainProxy$VirtualFilterChain.doFilter(FilterChainProxy.java:380) ~[spring-security-web-7.0.3.jar:7.0.3]
	at org.springframework.security.web.authentication.logout.LogoutFilter.doFilter(LogoutFilter.java:110) ~[spring-security-web-7.0.3.jar:7.0.3]
	at org.springframework.security.web.authentication.logout.LogoutFilter.doFilter(LogoutFilter.java:96) ~[spring-security-web-7.0.3.jar:7.0.3]
	at org.springframework.security.web.FilterChainProxy$VirtualFilterChain.doFilter(FilterChainProxy.java:380) ~[spring-security-web-7.0.3.jar:7.0.3]
	at org.springframework.security.web.header.HeaderWriterFilter.doHeadersAfter(HeaderWriterFilter.java:90) ~[spring-security-web-7.0.3.jar:7.0.3]
	at org.springframework.security.web.header.HeaderWriterFilter.doFilterInternal(HeaderWriterFilter.java:75) ~[spring-security-web-7.0.3.jar:7.0.3]
	at org.springframework.web.filter.OncePerRequestFilter.doFilter(OncePerRequestFilter.java:116) ~[spring-web-7.0.5.jar:7.0.5]
	at org.springframework.security.web.FilterChainProxy$VirtualFilterChain.doFilter(FilterChainProxy.java:380) ~[spring-security-web-7.0.3.jar:7.0.3]
	at org.springframework.security.web.context.SecurityContextHolderFilter.doFilter(SecurityContextHolderFilter.java:82) ~[spring-security-web-7.0.3.jar:7.0.3]
	at org.springframework.security.web.context.SecurityContextHolderFilter.doFilter(SecurityContextHolderFilter.java:69) ~[spring-security-web-7.0.3.jar:7.0.3]
	at org.springframework.security.web.FilterChainProxy$VirtualFilterChain.doFilter(FilterChainProxy.java:380) ~[spring-security-web-7.0.3.jar:7.0.3]
	at org.springframework.security.web.context.request.async.WebAsyncManagerIntegrationFilter.doFilterInternal(WebAsyncManagerIntegrationFilter.java:62) ~[spring-security-web-7.0.3.jar:7.0.3]
	at org.springframework.web.filter.OncePerRequestFilter.doFilter(OncePerRequestFilter.java:116) ~[spring-web-7.0.5.jar:7.0.5]
	at org.springframework.security.web.FilterChainProxy$VirtualFilterChain.doFilter(FilterChainProxy.java:380) ~[spring-security-web-7.0.3.jar:7.0.3]
	at org.springframework.security.web.session.DisableEncodeUrlFilter.doFilterInternal(DisableEncodeUrlFilter.java:42) ~[spring-security-web-7.0.3.jar:7.0.3]
	at org.springframework.web.filter.OncePerRequestFilter.doFilter(OncePerRequestFilter.java:116) ~[spring-web-7.0.5.jar:7.0.5]
	at org.springframework.security.web.FilterChainProxy$VirtualFilterChain.doFilter(FilterChainProxy.java:380) ~[spring-security-web-7.0.3.jar:7.0.3]
	at org.springframework.security.web.FilterChainProxy.doFilterInternal(FilterChainProxy.java:237) ~[spring-security-web-7.0.3.jar:7.0.3]
	at org.springframework.security.web.FilterChainProxy.doFilter(FilterChainProxy.java:195) ~[spring-security-web-7.0.3.jar:7.0.3]
	at org.springframework.web.filter.CompositeFilter$VirtualFilterChain.doFilter(CompositeFilter.java:113) ~[spring-web-7.0.5.jar:7.0.5]
	at org.springframework.web.filter.ServletRequestPathFilter.doFilter(ServletRequestPathFilter.java:52) ~[spring-web-7.0.5.jar:7.0.5]
	at org.springframework.web.filter.CompositeFilter$VirtualFilterChain.doFilter(CompositeFilter.java:113) ~[spring-web-7.0.5.jar:7.0.5]
	at org.springframework.web.filter.CompositeFilter.doFilter(CompositeFilter.java:74) ~[spring-web-7.0.5.jar:7.0.5]
	at org.springframework.security.config.annotation.web.configuration.WebSecurityConfiguration$CompositeFilterChainProxy.doFilter(WebSecurityConfiguration.java:317) ~[spring-security-config-7.0.3.jar:7.0.3]
	at org.springframework.web.filter.DelegatingFilterProxy.invokeDelegate(DelegatingFilterProxy.java:355) ~[spring-web-7.0.5.jar:7.0.5]
	at org.springframework.web.filter.DelegatingFilterProxy.doFilter(DelegatingFilterProxy.java:272) ~[spring-web-7.0.5.jar:7.0.5]
	at org.apache.catalina.core.ApplicationFilterChain.doFilter(ApplicationFilterChain.java:107) ~[tomcat-embed-core-11.0.18.jar:11.0.18]
	at org.springframework.web.filter.RequestContextFilter.doFilterInternal(RequestContextFilter.java:100) ~[spring-web-7.0.5.jar:7.0.5]
	at org.springframework.web.filter.OncePerRequestFilter.doFilter(OncePerRequestFilter.java:116) ~[spring-web-7.0.5.jar:7.0.5]
	at org.apache.catalina.core.ApplicationFilterChain.doFilter(ApplicationFilterChain.java:107) ~[tomcat-embed-core-11.0.18.jar:11.0.18]
	at org.springframework.web.filter.FormContentFilter.doFilterInternal(FormContentFilter.java:93) ~[spring-web-7.0.5.jar:7.0.5]
	at org.springframework.web.filter.OncePerRequestFilter.doFilter(OncePerRequestFilter.java:116) ~[spring-web-7.0.5.jar:7.0.5]
	at org.apache.catalina.core.ApplicationFilterChain.doFilter(ApplicationFilterChain.java:107) ~[tomcat-embed-core-11.0.18.jar:11.0.18]
	at org.springframework.web.filter.CharacterEncodingFilter.doFilterInternal(CharacterEncodingFilter.java:199) ~[spring-web-7.0.5.jar:7.0.5]
	at org.springframework.web.filter.OncePerRequestFilter.doFilter(OncePerRequestFilter.java:116) ~[spring-web-7.0.5.jar:7.0.5]
	at org.apache.catalina.core.ApplicationFilterChain.doFilter(ApplicationFilterChain.java:107) ~[tomcat-embed-core-11.0.18.jar:11.0.18]
	at org.apache.catalina.core.StandardWrapperValve.invoke(StandardWrapperValve.java:165) ~[tomcat-embed-core-11.0.18.jar:11.0.18]
	at org.apache.catalina.core.StandardContextValve.invoke(StandardContextValve.java:77) ~[tomcat-embed-core-11.0.18.jar:11.0.18]
	at org.apache.catalina.authenticator.AuthenticatorBase.invoke(AuthenticatorBase.java:492) ~[tomcat-embed-core-11.0.18.jar:11.0.18]
	at org.apache.catalina.core.StandardHostValve.invoke(StandardHostValve.java:113) ~[tomcat-embed-core-11.0.18.jar:11.0.18]
	at org.apache.catalina.valves.ErrorReportValve.invoke(ErrorReportValve.java:83) ~[tomcat-embed-core-11.0.18.jar:11.0.18]
	at org.apache.catalina.core.StandardEngineValve.invoke(StandardEngineValve.java:72) ~[tomcat-embed-core-11.0.18.jar:11.0.18]
	at org.apache.catalina.connector.CoyoteAdapter.service(CoyoteAdapter.java:341) ~[tomcat-embed-core-11.0.18.jar:11.0.18]
	at org.apache.coyote.http11.Http11Processor.service(Http11Processor.java:397) ~[tomcat-embed-core-11.0.18.jar:11.0.18]
	at org.apache.coyote.AbstractProcessorLight.process(AbstractProcessorLight.java:63) ~[tomcat-embed-core-11.0.18.jar:11.0.18]
	at org.apache.coyote.AbstractProtocol$ConnectionHandler.process(AbstractProtocol.java:903) ~[tomcat-embed-core-11.0.18.jar:11.0.18]
	at org.apache.tomcat.util.net.NioEndpoint$SocketProcessor.doRun(NioEndpoint.java:1779) ~[tomcat-embed-core-11.0.18.jar:11.0.18]
	at org.apache.tomcat.util.net.SocketProcessorBase.run(SocketProcessorBase.java:52) ~[tomcat-embed-core-11.0.18.jar:11.0.18]
	at org.apache.tomcat.util.threads.ThreadPoolExecutor.runWorker(ThreadPoolExecutor.java:946) ~[tomcat-embed-core-11.0.18.jar:11.0.18]
	at org.apache.tomcat.util.threads.ThreadPoolExecutor$Worker.run(ThreadPoolExecutor.java:480) ~[tomcat-embed-core-11.0.18.jar:11.0.18]
	at org.apache.tomcat.util.threads.TaskThread$WrappingRunnable.run(TaskThread.java:57) ~[tomcat-embed-core-11.0.18.jar:11.0.18]
	at java.base/java.lang.Thread.run(Thread.java:1474) ~[na:na]

2026-03-24T10:10:28.966-06:00 ERROR 6556 --- [back] [http-nio-8080-exec-1] o.a.c.c.C.[.[.[/].[dispatcherServlet]    : Servlet.service() for servlet [dispatcherServlet] in context with path [] threw exception [Request processing failed: java.lang.RuntimeException: Error de seguridad en la solicitud] with root cause

java.lang.RuntimeException: Error de seguridad en la solicitud
	at com.pueblahealth.back.service.AuthService.login(AuthService.java:126) ~[classes/:na]
	at java.base/jdk.internal.reflect.DirectMethodHandleAccessor.invoke(DirectMethodHandleAccessor.java:104) ~[na:na]
	at java.base/java.lang.reflect.Method.invoke(Method.java:565) ~[na:na]
	at org.springframework.aop.support.AopUtils.invokeJoinpointUsingReflection(AopUtils.java:359) ~[spring-aop-7.0.5.jar:7.0.5]
	at org.springframework.aop.framework.ReflectiveMethodInvocation.invokeJoinpoint(ReflectiveMethodInvocation.java:190) ~[spring-aop-7.0.5.jar:7.0.5]
	at org.springframework.aop.framework.ReflectiveMethodInvocation.proceed(ReflectiveMethodInvocation.java:158) ~[spring-aop-7.0.5.jar:7.0.5]
	at org.springframework.transaction.interceptor.TransactionInterceptor$1.proceedWithInvocation(TransactionInterceptor.java:133) ~[spring-tx-7.0.5.jar:7.0.5]
	at org.springframework.transaction.interceptor.TransactionAspectSupport.invokeWithinTransaction(TransactionAspectSupport.java:371) ~[spring-tx-7.0.5.jar:7.0.5]
	at org.springframework.transaction.interceptor.TransactionInterceptor.invoke(TransactionInterceptor.java:130) ~[spring-tx-7.0.5.jar:7.0.5]
	at org.springframework.aop.framework.ReflectiveMethodInvocation.proceed(ReflectiveMethodInvocation.java:179) ~[spring-aop-7.0.5.jar:7.0.5]
	at org.springframework.aop.framework.CglibAopProxy$DynamicAdvisedInterceptor.intercept(CglibAopProxy.java:719) ~[spring-aop-7.0.5.jar:7.0.5]
	at com.pueblahealth.back.service.AuthService$$SpringCGLIB$$0.login(<generated>) ~[classes/:na]
	at com.pueblahealth.back.controller.AuthController.login(AuthController.java:30) ~[classes/:na]
	at java.base/jdk.internal.reflect.DirectMethodHandleAccessor.invoke(DirectMethodHandleAccessor.java:104) ~[na:na]
	at java.base/java.lang.reflect.Method.invoke(Method.java:565) ~[na:na]
	at org.springframework.web.method.support.InvocableHandlerMethod.doInvoke(InvocableHandlerMethod.java:252) ~[spring-web-7.0.5.jar:7.0.5]
	at org.springframework.web.method.support.InvocableHandlerMethod.invokeForRequest(InvocableHandlerMethod.java:184) ~[spring-web-7.0.5.jar:7.0.5]
	at org.springframework.web.servlet.mvc.method.annotation.ServletInvocableHandlerMethod.invokeAndHandle(ServletInvocableHandlerMethod.java:117) ~[spring-webmvc-7.0.5.jar:7.0.5]
	at org.springframework.web.servlet.mvc.method.annotation.RequestMappingHandlerAdapter.invokeHandlerMethod(RequestMappingHandlerAdapter.java:934) ~[spring-webmvc-7.0.5.jar:7.0.5]
	at org.springframework.web.servlet.mvc.method.annotation.RequestMappingHandlerAdapter.handleInternal(RequestMappingHandlerAdapter.java:853) ~[spring-webmvc-7.0.5.jar:7.0.5]
	at org.springframework.web.servlet.mvc.method.AbstractHandlerMethodAdapter.handle(AbstractHandlerMethodAdapter.java:86) ~[spring-webmvc-7.0.5.jar:7.0.5]
	at org.springframework.web.servlet.DispatcherServlet.doDispatch(DispatcherServlet.java:963) ~[spring-webmvc-7.0.5.jar:7.0.5]
	at org.springframework.web.servlet.DispatcherServlet.doService(DispatcherServlet.java:866) ~[spring-webmvc-7.0.5.jar:7.0.5]
	at org.springframework.web.servlet.FrameworkServlet.processRequest(FrameworkServlet.java:1000) ~[spring-webmvc-7.0.5.jar:7.0.5]
	at org.springframework.web.servlet.FrameworkServlet.doPost(FrameworkServlet.java:903) ~[spring-webmvc-7.0.5.jar:7.0.5]
	at jakarta.servlet.http.HttpServlet.service(HttpServlet.java:649) ~[tomcat-embed-core-11.0.18.jar:6.1]
	at org.springframework.web.servlet.FrameworkServlet.service(FrameworkServlet.java:874) ~[spring-webmvc-7.0.5.jar:7.0.5]
	at jakarta.servlet.http.HttpServlet.service(HttpServlet.java:710) ~[tomcat-embed-core-11.0.18.jar:6.1]
	at org.apache.catalina.core.ApplicationFilterChain.doFilter(ApplicationFilterChain.java:128) ~[tomcat-embed-core-11.0.18.jar:11.0.18]
	at org.apache.tomcat.websocket.server.WsFilter.doFilter(WsFilter.java:53) ~[tomcat-embed-websocket-11.0.18.jar:11.0.18]
	at org.apache.catalina.core.ApplicationFilterChain.doFilter(ApplicationFilterChain.java:107) ~[tomcat-embed-core-11.0.18.jar:11.0.18]
	at org.springframework.web.filter.CompositeFilter$VirtualFilterChain.doFilter(CompositeFilter.java:108) ~[spring-web-7.0.5.jar:7.0.5]
	at org.springframework.security.web.FilterChainProxy.lambda$doFilterInternal$3(FilterChainProxy.java:235) ~[spring-security-web-7.0.3.jar:7.0.3]
	at org.springframework.security.web.FilterChainProxy$VirtualFilterChain.doFilter(FilterChainProxy.java:371) ~[spring-security-web-7.0.3.jar:7.0.3]
	at org.springframework.security.web.access.intercept.AuthorizationFilter.doFilter(AuthorizationFilter.java:101) ~[spring-security-web-7.0.3.jar:7.0.3]
	at org.springframework.security.web.FilterChainProxy$VirtualFilterChain.doFilter(FilterChainProxy.java:380) ~[spring-security-web-7.0.3.jar:7.0.3]
	at org.springframework.security.web.access.ExceptionTranslationFilter.doFilter(ExceptionTranslationFilter.java:126) ~[spring-security-web-7.0.3.jar:7.0.3]
	at org.springframework.security.web.access.ExceptionTranslationFilter.doFilter(ExceptionTranslationFilter.java:120) ~[spring-security-web-7.0.3.jar:7.0.3]
	at org.springframework.security.web.FilterChainProxy$VirtualFilterChain.doFilter(FilterChainProxy.java:380) ~[spring-security-web-7.0.3.jar:7.0.3]
	at org.springframework.security.web.authentication.AnonymousAuthenticationFilter.doFilter(AnonymousAuthenticationFilter.java:100) ~[spring-security-web-7.0.3.jar:7.0.3]
	at org.springframework.security.web.FilterChainProxy$VirtualFilterChain.doFilter(FilterChainProxy.java:380) ~[spring-security-web-7.0.3.jar:7.0.3]
	at org.springframework.security.web.servletapi.SecurityContextHolderAwareRequestFilter.doFilter(SecurityContextHolderAwareRequestFilter.java:181) ~[spring-security-web-7.0.3.jar:7.0.3]
	at org.springframework.security.web.FilterChainProxy$VirtualFilterChain.doFilter(FilterChainProxy.java:380) ~[spring-security-web-7.0.3.jar:7.0.3]
	at org.springframework.security.web.savedrequest.RequestCacheAwareFilter.doFilter(RequestCacheAwareFilter.java:63) ~[spring-security-web-7.0.3.jar:7.0.3]
	at org.springframework.security.web.FilterChainProxy$VirtualFilterChain.doFilter(FilterChainProxy.java:380) ~[spring-security-web-7.0.3.jar:7.0.3]
	at org.springframework.security.web.authentication.logout.LogoutFilter.doFilter(LogoutFilter.java:110) ~[spring-security-web-7.0.3.jar:7.0.3]
	at org.springframework.security.web.authentication.logout.LogoutFilter.doFilter(LogoutFilter.java:96) ~[spring-security-web-7.0.3.jar:7.0.3]
	at org.springframework.security.web.FilterChainProxy$VirtualFilterChain.doFilter(FilterChainProxy.java:380) ~[spring-security-web-7.0.3.jar:7.0.3]
	at org.springframework.security.web.header.HeaderWriterFilter.doHeadersAfter(HeaderWriterFilter.java:90) ~[spring-security-web-7.0.3.jar:7.0.3]
	at org.springframework.security.web.header.HeaderWriterFilter.doFilterInternal(HeaderWriterFilter.java:75) ~[spring-security-web-7.0.3.jar:7.0.3]
	at org.springframework.web.filter.OncePerRequestFilter.doFilter(OncePerRequestFilter.java:116) ~[spring-web-7.0.5.jar:7.0.5]
	at org.springframework.security.web.FilterChainProxy$VirtualFilterChain.doFilter(FilterChainProxy.java:380) ~[spring-security-web-7.0.3.jar:7.0.3]
	at org.springframework.security.web.context.SecurityContextHolderFilter.doFilter(SecurityContextHolderFilter.java:82) ~[spring-security-web-7.0.3.jar:7.0.3]
	at org.springframework.security.web.context.SecurityContextHolderFilter.doFilter(SecurityContextHolderFilter.java:69) ~[spring-security-web-7.0.3.jar:7.0.3]
	at org.springframework.security.web.FilterChainProxy$VirtualFilterChain.doFilter(FilterChainProxy.java:380) ~[spring-security-web-7.0.3.jar:7.0.3]
	at org.springframework.security.web.context.request.async.WebAsyncManagerIntegrationFilter.doFilterInternal(WebAsyncManagerIntegrationFilter.java:62) ~[spring-security-web-7.0.3.jar:7.0.3]
	at org.springframework.web.filter.OncePerRequestFilter.doFilter(OncePerRequestFilter.java:116) ~[spring-web-7.0.5.jar:7.0.5]
	at org.springframework.security.web.FilterChainProxy$VirtualFilterChain.doFilter(FilterChainProxy.java:380) ~[spring-security-web-7.0.3.jar:7.0.3]
	at org.springframework.security.web.session.DisableEncodeUrlFilter.doFilterInternal(DisableEncodeUrlFilter.java:42) ~[spring-security-web-7.0.3.jar:7.0.3]
	at org.springframework.web.filter.OncePerRequestFilter.doFilter(OncePerRequestFilter.java:116) ~[spring-web-7.0.5.jar:7.0.5]
	at org.springframework.security.web.FilterChainProxy$VirtualFilterChain.doFilter(FilterChainProxy.java:380) ~[spring-security-web-7.0.3.jar:7.0.3]
	at org.springframework.security.web.FilterChainProxy.doFilterInternal(FilterChainProxy.java:237) ~[spring-security-web-7.0.3.jar:7.0.3]
	at org.springframework.security.web.FilterChainProxy.doFilter(FilterChainProxy.java:195) ~[spring-security-web-7.0.3.jar:7.0.3]
	at org.springframework.web.filter.CompositeFilter$VirtualFilterChain.doFilter(CompositeFilter.java:113) ~[spring-web-7.0.5.jar:7.0.5]
	at org.springframework.web.filter.ServletRequestPathFilter.doFilter(ServletRequestPathFilter.java:52) ~[spring-web-7.0.5.jar:7.0.5]
	at org.springframework.web.filter.CompositeFilter$VirtualFilterChain.doFilter(CompositeFilter.java:113) ~[spring-web-7.0.5.jar:7.0.5]
	at org.springframework.web.filter.CompositeFilter.doFilter(CompositeFilter.java:74) ~[spring-web-7.0.5.jar:7.0.5]
	at org.springframework.security.config.annotation.web.configuration.WebSecurityConfiguration$CompositeFilterChainProxy.doFilter(WebSecurityConfiguration.java:317) ~[spring-security-config-7.0.3.jar:7.0.3]
	at org.springframework.web.filter.DelegatingFilterProxy.invokeDelegate(DelegatingFilterProxy.java:355) ~[spring-web-7.0.5.jar:7.0.5]
	at org.springframework.web.filter.DelegatingFilterProxy.doFilter(DelegatingFilterProxy.java:272) ~[spring-web-7.0.5.jar:7.0.5]
	at org.apache.catalina.core.ApplicationFilterChain.doFilter(ApplicationFilterChain.java:107) ~[tomcat-embed-core-11.0.18.jar:11.0.18]
	at org.springframework.web.filter.RequestContextFilter.doFilterInternal(RequestContextFilter.java:100) ~[spring-web-7.0.5.jar:7.0.5]
	at org.springframework.web.filter.OncePerRequestFilter.doFilter(OncePerRequestFilter.java:116) ~[spring-web-7.0.5.jar:7.0.5]
	at org.apache.catalina.core.ApplicationFilterChain.doFilter(ApplicationFilterChain.java:107) ~[tomcat-embed-core-11.0.18.jar:11.0.18]
	at org.springframework.web.filter.FormContentFilter.doFilterInternal(FormContentFilter.java:93) ~[spring-web-7.0.5.jar:7.0.5]
	at org.springframework.web.filter.OncePerRequestFilter.doFilter(OncePerRequestFilter.java:116) ~[spring-web-7.0.5.jar:7.0.5]
	at org.apache.catalina.core.ApplicationFilterChain.doFilter(ApplicationFilterChain.java:107) ~[tomcat-embed-core-11.0.18.jar:11.0.18]
	at org.springframework.web.filter.CharacterEncodingFilter.doFilterInternal(CharacterEncodingFilter.java:199) ~[spring-web-7.0.5.jar:7.0.5]
	at org.springframework.web.filter.OncePerRequestFilter.doFilter(OncePerRequestFilter.java:116) ~[spring-web-7.0.5.jar:7.0.5]
	at org.apache.catalina.core.ApplicationFilterChain.doFilter(ApplicationFilterChain.java:107) ~[tomcat-embed-core-11.0.18.jar:11.0.18]
	at org.apache.catalina.core.StandardWrapperValve.invoke(StandardWrapperValve.java:165) ~[tomcat-embed-core-11.0.18.jar:11.0.18]
	at org.apache.catalina.core.StandardContextValve.invoke(StandardContextValve.java:77) ~[tomcat-embed-core-11.0.18.jar:11.0.18]
	at org.apache.catalina.authenticator.AuthenticatorBase.invoke(AuthenticatorBase.java:492) ~[tomcat-embed-core-11.0.18.jar:11.0.18]
	at org.apache.catalina.core.StandardHostValve.invoke(StandardHostValve.java:113) ~[tomcat-embed-core-11.0.18.jar:11.0.18]
	at org.apache.catalina.valves.ErrorReportValve.invoke(ErrorReportValve.java:83) ~[tomcat-embed-core-11.0.18.jar:11.0.18]
	at org.apache.catalina.core.StandardEngineValve.invoke(StandardEngineValve.java:72) ~[tomcat-embed-core-11.0.18.jar:11.0.18]
	at org.apache.catalina.connector.CoyoteAdapter.service(CoyoteAdapter.java:341) ~[tomcat-embed-core-11.0.18.jar:11.0.18]
	at org.apache.coyote.http11.Http11Processor.service(Http11Processor.java:397) ~[tomcat-embed-core-11.0.18.jar:11.0.18]
	at org.apache.coyote.AbstractProcessorLight.process(AbstractProcessorLight.java:63) ~[tomcat-embed-core-11.0.18.jar:11.0.18]
	at org.apache.coyote.AbstractProtocol$ConnectionHandler.process(AbstractProtocol.java:903) ~[tomcat-embed-core-11.0.18.jar:11.0.18]
	at org.apache.tomcat.util.net.NioEndpoint$SocketProcessor.doRun(NioEndpoint.java:1779) ~[tomcat-embed-core-11.0.18.jar:11.0.18]
	at org.apache.tomcat.util.net.SocketProcessorBase.run(SocketProcessorBase.java:52) ~[tomcat-embed-core-11.0.18.jar:11.0.18]
	at org.apache.tomcat.util.threads.ThreadPoolExecutor.runWorker(ThreadPoolExecutor.java:946) ~[tomcat-embed-core-11.0.18.jar:11.0.18]
	at org.apache.tomcat.util.threads.ThreadPoolExecutor$Worker.run(ThreadPoolExecutor.java:480) ~[tomcat-embed-core-11.0.18.jar:11.0.18]
	at org.apache.tomcat.util.threads.TaskThread$WrappingRunnable.run(TaskThread.java:57) ~[tomcat-embed-core-11.0.18.jar:11.0.18]
	at java.base/java.lang.Thread.run(Thread.java:1474) ~[na:na]

2026-03-24T10:21:49.209-06:00  WARN 6556 --- [back] [HikariPool-1:housekeeper] com.zaxxer.hikari.pool.HikariPool        : HikariPool-1 - Thread starvation or clock leap detected (housekeeper delta=1m10s262ms198µs600ns).
2026-03-24T10:22:38.261-06:00  INFO 6556 --- [back] [SpringApplicationShutdownHook] o.s.boot.tomcat.GracefulShutdown         : Commencing graceful shutdown. Waiting for active requests to complete
2026-03-24T10:22:38.268-06:00  INFO 6556 --- [back] [tomcat-shutdown] o.s.boot.tomcat.GracefulShutdown         : Graceful shutdown complete
2026-03-24T10:22:38.272-06:00  INFO 6556 --- [back] [SpringApplicationShutdownHook] j.LocalContainerEntityManagerFactoryBean : Closing JPA EntityManagerFactory for persistence unit 'default'
2026-03-24T10:22:38.274-06:00  INFO 6556 --- [back] [SpringApplicationShutdownHook] com.zaxxer.hikari.HikariDataSource       : HikariPool-1 - Shutdown initiated...
2026-03-24T10:22:38.283-06:00  INFO 6556 --- [back] [SpringApplicationShutdownHook] com.zaxxer.hikari.HikariDataSource       : HikariPool-1 - Shutdown completed.
2026-03-24T10:22:42.014-06:00  INFO 9008 --- [back] [main] com.pueblahealth.back.BackApplication    : Starting BackApplication using Java 25.0.2 with PID 9008 (C:\Users\dylan\Documents\seguridadProyecto\PUEBLAHealth-Tech\back\target\classes started by dylan in C:\Users\dylan\Documents\seguridadProyecto\PUEBLAHealth-Tech)
2026-03-24T10:22:42.017-06:00 DEBUG 9008 --- [back] [main] com.pueblahealth.back.BackApplication    : Running with Spring Boot v4.0.3, Spring v7.0.5
2026-03-24T10:22:42.018-06:00  INFO 9008 --- [back] [main] com.pueblahealth.back.BackApplication    : No active profile set, falling back to 1 default profile: "default"
2026-03-24T10:22:42.793-06:00  INFO 9008 --- [back] [main] .s.d.r.c.RepositoryConfigurationDelegate : Bootstrapping Spring Data JPA repositories in DEFAULT mode.
2026-03-24T10:22:42.865-06:00  INFO 9008 --- [back] [main] .s.d.r.c.RepositoryConfigurationDelegate : Finished Spring Data repository scanning in 63 ms. Found 3 JPA repository interfaces.
2026-03-24T10:22:43.425-06:00  INFO 9008 --- [back] [main] o.s.boot.tomcat.TomcatWebServer          : Tomcat initialized with port 8080 (http)
2026-03-24T10:22:43.448-06:00  INFO 9008 --- [back] [main] o.apache.catalina.core.StandardService   : Starting service [Tomcat]
2026-03-24T10:22:43.449-06:00  INFO 9008 --- [back] [main] o.apache.catalina.core.StandardEngine    : Starting Servlet engine: [Apache Tomcat/11.0.18]
2026-03-24T10:22:43.503-06:00  INFO 9008 --- [back] [main] b.w.c.s.WebApplicationContextInitializer : Root WebApplicationContext: initialization completed in 1422 ms
2026-03-24T10:22:43.698-06:00  INFO 9008 --- [back] [main] org.hibernate.orm.jpa                    : HHH008540: Processing PersistenceUnitInfo [name: default]
2026-03-24T10:22:43.740-06:00  INFO 9008 --- [back] [main] org.hibernate.orm.core                   : HHH000001: Hibernate ORM core version 7.2.4.Final
2026-03-24T10:22:44.216-06:00  INFO 9008 --- [back] [main] o.s.o.j.p.SpringPersistenceUnitInfo      : No LoadTimeWeaver setup: ignoring JPA class transformer
2026-03-24T10:22:44.250-06:00  INFO 9008 --- [back] [main] com.zaxxer.hikari.HikariDataSource       : HikariPool-1 - Starting...
2026-03-24T10:22:44.394-06:00  INFO 9008 --- [back] [main] com.zaxxer.hikari.pool.HikariPool        : HikariPool-1 - Added connection com.mysql.cj.jdbc.ConnectionImpl@41f90b10
2026-03-24T10:22:44.397-06:00  INFO 9008 --- [back] [main] com.zaxxer.hikari.HikariDataSource       : HikariPool-1 - Start completed.
2026-03-24T10:22:44.457-06:00  WARN 9008 --- [back] [main] org.hibernate.orm.core                   : HHH000511: The 5.5.5 version for [org.hibernate.dialect.MySQLDialect] is no longer supported, hence certain features may not work properly.The minimum supported version is 8.0.0. Check the community dialects project for available legacy versions.
2026-03-24T10:22:44.478-06:00  INFO 9008 --- [back] [main] org.hibernate.orm.connections.pooling    : HHH10001005: Database info:
	Database JDBC URL [jdbc:mysql://127.0.0.1:3306/pueblahealth]
	Database driver: MySQL Connector/J
	Database dialect: MySQLDialect
	Database version: 5.5.5
	Default catalog/schema: pueblahealth/undefined
	Autocommit mode: undefined/unknown
	Isolation level: REPEATABLE_READ [default REPEATABLE_READ]
	JDBC fetch size: none
	Pool: DataSourceConnectionProvider
	Minimum pool size: undefined/unknown
	Maximum pool size: undefined/unknown
2026-03-24T10:22:45.221-06:00  INFO 9008 --- [back] [main] org.hibernate.orm.core                   : HHH000489: No JTA platform available (set 'hibernate.transaction.jta.platform' to enable JTA platform integration)
2026-03-24T10:22:45.550-06:00  INFO 9008 --- [back] [main] j.LocalContainerEntityManagerFactoryBean : Initialized JPA EntityManagerFactory for persistence unit 'default'
2026-03-24T10:22:45.635-06:00  INFO 9008 --- [back] [main] o.s.d.j.r.query.QueryEnhancerFactories   : Hibernate is in classpath; If applicable, HQL parser will be used.
2026-03-24T10:22:45.907-06:00  WARN 9008 --- [back] [main] JpaBaseConfiguration$JpaWebConfiguration : spring.jpa.open-in-view is enabled by default. Therefore, database queries may be performed during view rendering. Explicitly configure spring.jpa.open-in-view to disable this warning
2026-03-24T10:22:46.026-06:00  WARN 9008 --- [back] [main] .s.a.UserDetailsServiceAutoConfiguration : 

Using generated security password: 33f9e90f-7db0-4a17-9e52-09141adcdb54

This generated password is for development use only. Your security configuration must be updated before running your application in production.

2026-03-24T10:22:46.037-06:00  INFO 9008 --- [back] [main] r$InitializeUserDetailsManagerConfigurer : Global AuthenticationManager configured with UserDetailsService bean with name inMemoryUserDetailsManager
2026-03-24T10:22:46.499-06:00  INFO 9008 --- [back] [main] o.s.boot.tomcat.TomcatWebServer          : Tomcat started on port 8080 (http) with context path '/'
2026-03-24T10:22:46.505-06:00  INFO 9008 --- [back] [main] com.pueblahealth.back.BackApplication    : Started BackApplication in 5.03 seconds (process running for 5.488)
2026-03-24T10:23:04.759-06:00  INFO 9008 --- [back] [http-nio-8080-exec-1] o.a.c.c.C.[Tomcat].[localhost].[/]       : Initializing Spring DispatcherServlet 'dispatcherServlet'
2026-03-24T10:23:04.760-06:00  INFO 9008 --- [back] [http-nio-8080-exec-1] o.s.web.servlet.DispatcherServlet        : Initializing Servlet 'dispatcherServlet'
2026-03-24T10:23:04.763-06:00  INFO 9008 --- [back] [http-nio-8080-exec-1] o.s.web.servlet.DispatcherServlet        : Completed initialization in 2 ms
2026-03-24T10:23:05.039-06:00 ERROR 9008 --- [back] [http-nio-8080-exec-1] c.pueblahealth.back.service.AuthService  : [CRITICAL] Error al descifrar datos

javax.crypto.IllegalBlockSizeException: Input length must be multiple of 16 when decrypting with padded cipher
	at java.base/com.sun.crypto.provider.CipherCore.prepareInputBuffer(CipherCore.java:890) ~[na:na]
	at java.base/com.sun.crypto.provider.CipherCore.doFinal(CipherCore.java:729) ~[na:na]
	at java.base/com.sun.crypto.provider.AESCipher.engineDoFinal(AESCipher.java:446) ~[na:na]
	at java.base/javax.crypto.Cipher.doFinal(Cipher.java:2260) ~[na:na]
	at com.pueblahealth.back.utils.AesUtil.decrypt(AesUtil.java:55) ~[classes/:na]
	at com.pueblahealth.back.service.AuthService.login(AuthService.java:124) ~[classes/:na]
	at java.base/jdk.internal.reflect.DirectMethodHandleAccessor.invoke(DirectMethodHandleAccessor.java:104) ~[na:na]
	at java.base/java.lang.reflect.Method.invoke(Method.java:565) ~[na:na]
	at org.springframework.aop.support.AopUtils.invokeJoinpointUsingReflection(AopUtils.java:359) ~[spring-aop-7.0.5.jar:7.0.5]
	at org.springframework.aop.framework.ReflectiveMethodInvocation.invokeJoinpoint(ReflectiveMethodInvocation.java:190) ~[spring-aop-7.0.5.jar:7.0.5]
	at org.springframework.aop.framework.ReflectiveMethodInvocation.proceed(ReflectiveMethodInvocation.java:158) ~[spring-aop-7.0.5.jar:7.0.5]
	at org.springframework.transaction.interceptor.TransactionInterceptor$1.proceedWithInvocation(TransactionInterceptor.java:133) ~[spring-tx-7.0.5.jar:7.0.5]
	at org.springframework.transaction.interceptor.TransactionAspectSupport.invokeWithinTransaction(TransactionAspectSupport.java:371) ~[spring-tx-7.0.5.jar:7.0.5]
	at org.springframework.transaction.interceptor.TransactionInterceptor.invoke(TransactionInterceptor.java:130) ~[spring-tx-7.0.5.jar:7.0.5]
	at org.springframework.aop.framework.ReflectiveMethodInvocation.proceed(ReflectiveMethodInvocation.java:179) ~[spring-aop-7.0.5.jar:7.0.5]
	at org.springframework.aop.framework.CglibAopProxy$DynamicAdvisedInterceptor.intercept(CglibAopProxy.java:719) ~[spring-aop-7.0.5.jar:7.0.5]
	at com.pueblahealth.back.service.AuthService$$SpringCGLIB$$0.login(<generated>) ~[classes/:na]
	at com.pueblahealth.back.controller.AuthController.login(AuthController.java:30) ~[classes/:na]
	at java.base/jdk.internal.reflect.DirectMethodHandleAccessor.invoke(DirectMethodHandleAccessor.java:104) ~[na:na]
	at java.base/java.lang.reflect.Method.invoke(Method.java:565) ~[na:na]
	at org.springframework.web.method.support.InvocableHandlerMethod.doInvoke(InvocableHandlerMethod.java:252) ~[spring-web-7.0.5.jar:7.0.5]
	at org.springframework.web.method.support.InvocableHandlerMethod.invokeForRequest(InvocableHandlerMethod.java:184) ~[spring-web-7.0.5.jar:7.0.5]
	at org.springframework.web.servlet.mvc.method.annotation.ServletInvocableHandlerMethod.invokeAndHandle(ServletInvocableHandlerMethod.java:117) ~[spring-webmvc-7.0.5.jar:7.0.5]
	at org.springframework.web.servlet.mvc.method.annotation.RequestMappingHandlerAdapter.invokeHandlerMethod(RequestMappingHandlerAdapter.java:934) ~[spring-webmvc-7.0.5.jar:7.0.5]
	at org.springframework.web.servlet.mvc.method.annotation.RequestMappingHandlerAdapter.handleInternal(RequestMappingHandlerAdapter.java:853) ~[spring-webmvc-7.0.5.jar:7.0.5]
	at org.springframework.web.servlet.mvc.method.AbstractHandlerMethodAdapter.handle(AbstractHandlerMethodAdapter.java:86) ~[spring-webmvc-7.0.5.jar:7.0.5]
	at org.springframework.web.servlet.DispatcherServlet.doDispatch(DispatcherServlet.java:963) ~[spring-webmvc-7.0.5.jar:7.0.5]
	at org.springframework.web.servlet.DispatcherServlet.doService(DispatcherServlet.java:866) ~[spring-webmvc-7.0.5.jar:7.0.5]
	at org.springframework.web.servlet.FrameworkServlet.processRequest(FrameworkServlet.java:1000) ~[spring-webmvc-7.0.5.jar:7.0.5]
	at org.springframework.web.servlet.FrameworkServlet.doPost(FrameworkServlet.java:903) ~[spring-webmvc-7.0.5.jar:7.0.5]
	at jakarta.servlet.http.HttpServlet.service(HttpServlet.java:649) ~[tomcat-embed-core-11.0.18.jar:6.1]
	at org.springframework.web.servlet.FrameworkServlet.service(FrameworkServlet.java:874) ~[spring-webmvc-7.0.5.jar:7.0.5]
	at jakarta.servlet.http.HttpServlet.service(HttpServlet.java:710) ~[tomcat-embed-core-11.0.18.jar:6.1]
	at org.apache.catalina.core.ApplicationFilterChain.doFilter(ApplicationFilterChain.java:128) ~[tomcat-embed-core-11.0.18.jar:11.0.18]
	at org.apache.tomcat.websocket.server.WsFilter.doFilter(WsFilter.java:53) ~[tomcat-embed-websocket-11.0.18.jar:11.0.18]
	at org.apache.catalina.core.ApplicationFilterChain.doFilter(ApplicationFilterChain.java:107) ~[tomcat-embed-core-11.0.18.jar:11.0.18]
	at org.springframework.web.filter.CompositeFilter$VirtualFilterChain.doFilter(CompositeFilter.java:108) ~[spring-web-7.0.5.jar:7.0.5]
	at org.springframework.security.web.FilterChainProxy.lambda$doFilterInternal$3(FilterChainProxy.java:235) ~[spring-security-web-7.0.3.jar:7.0.3]
	at org.springframework.security.web.FilterChainProxy$VirtualFilterChain.doFilter(FilterChainProxy.java:371) ~[spring-security-web-7.0.3.jar:7.0.3]
	at org.springframework.security.web.access.intercept.AuthorizationFilter.doFilter(AuthorizationFilter.java:101) ~[spring-security-web-7.0.3.jar:7.0.3]
	at org.springframework.security.web.FilterChainProxy$VirtualFilterChain.doFilter(FilterChainProxy.java:380) ~[spring-security-web-7.0.3.jar:7.0.3]
	at org.springframework.security.web.access.ExceptionTranslationFilter.doFilter(ExceptionTranslationFilter.java:126) ~[spring-security-web-7.0.3.jar:7.0.3]
	at org.springframework.security.web.access.ExceptionTranslationFilter.doFilter(ExceptionTranslationFilter.java:120) ~[spring-security-web-7.0.3.jar:7.0.3]
	at org.springframework.security.web.FilterChainProxy$VirtualFilterChain.doFilter(FilterChainProxy.java:380) ~[spring-security-web-7.0.3.jar:7.0.3]
	at org.springframework.security.web.authentication.AnonymousAuthenticationFilter.doFilter(AnonymousAuthenticationFilter.java:100) ~[spring-security-web-7.0.3.jar:7.0.3]
	at org.springframework.security.web.FilterChainProxy$VirtualFilterChain.doFilter(FilterChainProxy.java:380) ~[spring-security-web-7.0.3.jar:7.0.3]
	at org.springframework.security.web.servletapi.SecurityContextHolderAwareRequestFilter.doFilter(SecurityContextHolderAwareRequestFilter.java:181) ~[spring-security-web-7.0.3.jar:7.0.3]
	at org.springframework.security.web.FilterChainProxy$VirtualFilterChain.doFilter(FilterChainProxy.java:380) ~[spring-security-web-7.0.3.jar:7.0.3]
	at org.springframework.security.web.savedrequest.RequestCacheAwareFilter.doFilter(RequestCacheAwareFilter.java:63) ~[spring-security-web-7.0.3.jar:7.0.3]
	at org.springframework.security.web.FilterChainProxy$VirtualFilterChain.doFilter(FilterChainProxy.java:380) ~[spring-security-web-7.0.3.jar:7.0.3]
	at org.springframework.security.web.authentication.logout.LogoutFilter.doFilter(LogoutFilter.java:110) ~[spring-security-web-7.0.3.jar:7.0.3]
	at org.springframework.security.web.authentication.logout.LogoutFilter.doFilter(LogoutFilter.java:96) ~[spring-security-web-7.0.3.jar:7.0.3]
	at org.springframework.security.web.FilterChainProxy$VirtualFilterChain.doFilter(FilterChainProxy.java:380) ~[spring-security-web-7.0.3.jar:7.0.3]
	at org.springframework.security.web.header.HeaderWriterFilter.doHeadersAfter(HeaderWriterFilter.java:90) ~[spring-security-web-7.0.3.jar:7.0.3]
	at org.springframework.security.web.header.HeaderWriterFilter.doFilterInternal(HeaderWriterFilter.java:75) ~[spring-security-web-7.0.3.jar:7.0.3]
	at org.springframework.web.filter.OncePerRequestFilter.doFilter(OncePerRequestFilter.java:116) ~[spring-web-7.0.5.jar:7.0.5]
	at org.springframework.security.web.FilterChainProxy$VirtualFilterChain.doFilter(FilterChainProxy.java:380) ~[spring-security-web-7.0.3.jar:7.0.3]
	at org.springframework.security.web.context.SecurityContextHolderFilter.doFilter(SecurityContextHolderFilter.java:82) ~[spring-security-web-7.0.3.jar:7.0.3]
	at org.springframework.security.web.context.SecurityContextHolderFilter.doFilter(SecurityContextHolderFilter.java:69) ~[spring-security-web-7.0.3.jar:7.0.3]
	at org.springframework.security.web.FilterChainProxy$VirtualFilterChain.doFilter(FilterChainProxy.java:380) ~[spring-security-web-7.0.3.jar:7.0.3]
	at org.springframework.security.web.context.request.async.WebAsyncManagerIntegrationFilter.doFilterInternal(WebAsyncManagerIntegrationFilter.java:62) ~[spring-security-web-7.0.3.jar:7.0.3]
	at org.springframework.web.filter.OncePerRequestFilter.doFilter(OncePerRequestFilter.java:116) ~[spring-web-7.0.5.jar:7.0.5]
	at org.springframework.security.web.FilterChainProxy$VirtualFilterChain.doFilter(FilterChainProxy.java:380) ~[spring-security-web-7.0.3.jar:7.0.3]
	at org.springframework.security.web.session.DisableEncodeUrlFilter.doFilterInternal(DisableEncodeUrlFilter.java:42) ~[spring-security-web-7.0.3.jar:7.0.3]
	at org.springframework.web.filter.OncePerRequestFilter.doFilter(OncePerRequestFilter.java:116) ~[spring-web-7.0.5.jar:7.0.5]
	at org.springframework.security.web.FilterChainProxy$VirtualFilterChain.doFilter(FilterChainProxy.java:380) ~[spring-security-web-7.0.3.jar:7.0.3]
	at org.springframework.security.web.FilterChainProxy.doFilterInternal(FilterChainProxy.java:237) ~[spring-security-web-7.0.3.jar:7.0.3]
	at org.springframework.security.web.FilterChainProxy.doFilter(FilterChainProxy.java:195) ~[spring-security-web-7.0.3.jar:7.0.3]
	at org.springframework.web.filter.CompositeFilter$VirtualFilterChain.doFilter(CompositeFilter.java:113) ~[spring-web-7.0.5.jar:7.0.5]
	at org.springframework.web.filter.ServletRequestPathFilter.doFilter(ServletRequestPathFilter.java:52) ~[spring-web-7.0.5.jar:7.0.5]
	at org.springframework.web.filter.CompositeFilter$VirtualFilterChain.doFilter(CompositeFilter.java:113) ~[spring-web-7.0.5.jar:7.0.5]
	at org.springframework.web.filter.CompositeFilter.doFilter(CompositeFilter.java:74) ~[spring-web-7.0.5.jar:7.0.5]
	at org.springframework.security.config.annotation.web.configuration.WebSecurityConfiguration$CompositeFilterChainProxy.doFilter(WebSecurityConfiguration.java:317) ~[spring-security-config-7.0.3.jar:7.0.3]
	at org.springframework.web.filter.DelegatingFilterProxy.invokeDelegate(DelegatingFilterProxy.java:355) ~[spring-web-7.0.5.jar:7.0.5]
	at org.springframework.web.filter.DelegatingFilterProxy.doFilter(DelegatingFilterProxy.java:272) ~[spring-web-7.0.5.jar:7.0.5]
	at org.apache.catalina.core.ApplicationFilterChain.doFilter(ApplicationFilterChain.java:107) ~[tomcat-embed-core-11.0.18.jar:11.0.18]
	at org.springframework.web.filter.RequestContextFilter.doFilterInternal(RequestContextFilter.java:100) ~[spring-web-7.0.5.jar:7.0.5]
	at org.springframework.web.filter.OncePerRequestFilter.doFilter(OncePerRequestFilter.java:116) ~[spring-web-7.0.5.jar:7.0.5]
	at org.apache.catalina.core.ApplicationFilterChain.doFilter(ApplicationFilterChain.java:107) ~[tomcat-embed-core-11.0.18.jar:11.0.18]
	at org.springframework.web.filter.FormContentFilter.doFilterInternal(FormContentFilter.java:93) ~[spring-web-7.0.5.jar:7.0.5]
	at org.springframework.web.filter.OncePerRequestFilter.doFilter(OncePerRequestFilter.java:116) ~[spring-web-7.0.5.jar:7.0.5]
	at org.apache.catalina.core.ApplicationFilterChain.doFilter(ApplicationFilterChain.java:107) ~[tomcat-embed-core-11.0.18.jar:11.0.18]
	at org.springframework.web.filter.CharacterEncodingFilter.doFilterInternal(CharacterEncodingFilter.java:199) ~[spring-web-7.0.5.jar:7.0.5]
	at org.springframework.web.filter.OncePerRequestFilter.doFilter(OncePerRequestFilter.java:116) ~[spring-web-7.0.5.jar:7.0.5]
	at org.apache.catalina.core.ApplicationFilterChain.doFilter(ApplicationFilterChain.java:107) ~[tomcat-embed-core-11.0.18.jar:11.0.18]
	at org.apache.catalina.core.StandardWrapperValve.invoke(StandardWrapperValve.java:165) ~[tomcat-embed-core-11.0.18.jar:11.0.18]
	at org.apache.catalina.core.StandardContextValve.invoke(StandardContextValve.java:77) ~[tomcat-embed-core-11.0.18.jar:11.0.18]
	at org.apache.catalina.authenticator.AuthenticatorBase.invoke(AuthenticatorBase.java:492) ~[tomcat-embed-core-11.0.18.jar:11.0.18]
	at org.apache.catalina.core.StandardHostValve.invoke(StandardHostValve.java:113) ~[tomcat-embed-core-11.0.18.jar:11.0.18]
	at org.apache.catalina.valves.ErrorReportValve.invoke(ErrorReportValve.java:83) ~[tomcat-embed-core-11.0.18.jar:11.0.18]
	at org.apache.catalina.core.StandardEngineValve.invoke(StandardEngineValve.java:72) ~[tomcat-embed-core-11.0.18.jar:11.0.18]
	at org.apache.catalina.connector.CoyoteAdapter.service(CoyoteAdapter.java:341) ~[tomcat-embed-core-11.0.18.jar:11.0.18]
	at org.apache.coyote.http11.Http11Processor.service(Http11Processor.java:397) ~[tomcat-embed-core-11.0.18.jar:11.0.18]
	at org.apache.coyote.AbstractProcessorLight.process(AbstractProcessorLight.java:63) ~[tomcat-embed-core-11.0.18.jar:11.0.18]
	at org.apache.coyote.AbstractProtocol$ConnectionHandler.process(AbstractProtocol.java:903) ~[tomcat-embed-core-11.0.18.jar:11.0.18]
	at org.apache.tomcat.util.net.NioEndpoint$SocketProcessor.doRun(NioEndpoint.java:1779) ~[tomcat-embed-core-11.0.18.jar:11.0.18]
	at org.apache.tomcat.util.net.SocketProcessorBase.run(SocketProcessorBase.java:52) ~[tomcat-embed-core-11.0.18.jar:11.0.18]
	at org.apache.tomcat.util.threads.ThreadPoolExecutor.runWorker(ThreadPoolExecutor.java:946) ~[tomcat-embed-core-11.0.18.jar:11.0.18]
	at org.apache.tomcat.util.threads.ThreadPoolExecutor$Worker.run(ThreadPoolExecutor.java:480) ~[tomcat-embed-core-11.0.18.jar:11.0.18]
	at org.apache.tomcat.util.threads.TaskThread$WrappingRunnable.run(TaskThread.java:57) ~[tomcat-embed-core-11.0.18.jar:11.0.18]
	at java.base/java.lang.Thread.run(Thread.java:1474) ~[na:na]

2026-03-24T10:23:05.063-06:00 ERROR 9008 --- [back] [http-nio-8080-exec-1] o.a.c.c.C.[.[.[/].[dispatcherServlet]    : Servlet.service() for servlet [dispatcherServlet] in context with path [] threw exception [Request processing failed: java.lang.RuntimeException: Error de seguridad en la solicitud] with root cause

java.lang.RuntimeException: Error de seguridad en la solicitud
	at com.pueblahealth.back.service.AuthService.login(AuthService.java:128) ~[classes/:na]
	at java.base/jdk.internal.reflect.DirectMethodHandleAccessor.invoke(DirectMethodHandleAccessor.java:104) ~[na:na]
	at java.base/java.lang.reflect.Method.invoke(Method.java:565) ~[na:na]
	at org.springframework.aop.support.AopUtils.invokeJoinpointUsingReflection(AopUtils.java:359) ~[spring-aop-7.0.5.jar:7.0.5]
	at org.springframework.aop.framework.ReflectiveMethodInvocation.invokeJoinpoint(ReflectiveMethodInvocation.java:190) ~[spring-aop-7.0.5.jar:7.0.5]
	at org.springframework.aop.framework.ReflectiveMethodInvocation.proceed(ReflectiveMethodInvocation.java:158) ~[spring-aop-7.0.5.jar:7.0.5]
	at org.springframework.transaction.interceptor.TransactionInterceptor$1.proceedWithInvocation(TransactionInterceptor.java:133) ~[spring-tx-7.0.5.jar:7.0.5]
	at org.springframework.transaction.interceptor.TransactionAspectSupport.invokeWithinTransaction(TransactionAspectSupport.java:371) ~[spring-tx-7.0.5.jar:7.0.5]
	at org.springframework.transaction.interceptor.TransactionInterceptor.invoke(TransactionInterceptor.java:130) ~[spring-tx-7.0.5.jar:7.0.5]
	at org.springframework.aop.framework.ReflectiveMethodInvocation.proceed(ReflectiveMethodInvocation.java:179) ~[spring-aop-7.0.5.jar:7.0.5]
	at org.springframework.aop.framework.CglibAopProxy$DynamicAdvisedInterceptor.intercept(CglibAopProxy.java:719) ~[spring-aop-7.0.5.jar:7.0.5]
	at com.pueblahealth.back.service.AuthService$$SpringCGLIB$$0.login(<generated>) ~[classes/:na]
	at com.pueblahealth.back.controller.AuthController.login(AuthController.java:30) ~[classes/:na]
	at java.base/jdk.internal.reflect.DirectMethodHandleAccessor.invoke(DirectMethodHandleAccessor.java:104) ~[na:na]
	at java.base/java.lang.reflect.Method.invoke(Method.java:565) ~[na:na]
	at org.springframework.web.method.support.InvocableHandlerMethod.doInvoke(InvocableHandlerMethod.java:252) ~[spring-web-7.0.5.jar:7.0.5]
	at org.springframework.web.method.support.InvocableHandlerMethod.invokeForRequest(InvocableHandlerMethod.java:184) ~[spring-web-7.0.5.jar:7.0.5]
	at org.springframework.web.servlet.mvc.method.annotation.ServletInvocableHandlerMethod.invokeAndHandle(ServletInvocableHandlerMethod.java:117) ~[spring-webmvc-7.0.5.jar:7.0.5]
	at org.springframework.web.servlet.mvc.method.annotation.RequestMappingHandlerAdapter.invokeHandlerMethod(RequestMappingHandlerAdapter.java:934) ~[spring-webmvc-7.0.5.jar:7.0.5]
	at org.springframework.web.servlet.mvc.method.annotation.RequestMappingHandlerAdapter.handleInternal(RequestMappingHandlerAdapter.java:853) ~[spring-webmvc-7.0.5.jar:7.0.5]
	at org.springframework.web.servlet.mvc.method.AbstractHandlerMethodAdapter.handle(AbstractHandlerMethodAdapter.java:86) ~[spring-webmvc-7.0.5.jar:7.0.5]
	at org.springframework.web.servlet.DispatcherServlet.doDispatch(DispatcherServlet.java:963) ~[spring-webmvc-7.0.5.jar:7.0.5]
	at org.springframework.web.servlet.DispatcherServlet.doService(DispatcherServlet.java:866) ~[spring-webmvc-7.0.5.jar:7.0.5]
	at org.springframework.web.servlet.FrameworkServlet.processRequest(FrameworkServlet.java:1000) ~[spring-webmvc-7.0.5.jar:7.0.5]
	at org.springframework.web.servlet.FrameworkServlet.doPost(FrameworkServlet.java:903) ~[spring-webmvc-7.0.5.jar:7.0.5]
	at jakarta.servlet.http.HttpServlet.service(HttpServlet.java:649) ~[tomcat-embed-core-11.0.18.jar:6.1]
	at org.springframework.web.servlet.FrameworkServlet.service(FrameworkServlet.java:874) ~[spring-webmvc-7.0.5.jar:7.0.5]
	at jakarta.servlet.http.HttpServlet.service(HttpServlet.java:710) ~[tomcat-embed-core-11.0.18.jar:6.1]
	at org.apache.catalina.core.ApplicationFilterChain.doFilter(ApplicationFilterChain.java:128) ~[tomcat-embed-core-11.0.18.jar:11.0.18]
	at org.apache.tomcat.websocket.server.WsFilter.doFilter(WsFilter.java:53) ~[tomcat-embed-websocket-11.0.18.jar:11.0.18]
	at org.apache.catalina.core.ApplicationFilterChain.doFilter(ApplicationFilterChain.java:107) ~[tomcat-embed-core-11.0.18.jar:11.0.18]
	at org.springframework.web.filter.CompositeFilter$VirtualFilterChain.doFilter(CompositeFilter.java:108) ~[spring-web-7.0.5.jar:7.0.5]
	at org.springframework.security.web.FilterChainProxy.lambda$doFilterInternal$3(FilterChainProxy.java:235) ~[spring-security-web-7.0.3.jar:7.0.3]
	at org.springframework.security.web.FilterChainProxy$VirtualFilterChain.doFilter(FilterChainProxy.java:371) ~[spring-security-web-7.0.3.jar:7.0.3]
	at org.springframework.security.web.access.intercept.AuthorizationFilter.doFilter(AuthorizationFilter.java:101) ~[spring-security-web-7.0.3.jar:7.0.3]
	at org.springframework.security.web.FilterChainProxy$VirtualFilterChain.doFilter(FilterChainProxy.java:380) ~[spring-security-web-7.0.3.jar:7.0.3]
	at org.springframework.security.web.access.ExceptionTranslationFilter.doFilter(ExceptionTranslationFilter.java:126) ~[spring-security-web-7.0.3.jar:7.0.3]
	at org.springframework.security.web.access.ExceptionTranslationFilter.doFilter(ExceptionTranslationFilter.java:120) ~[spring-security-web-7.0.3.jar:7.0.3]
	at org.springframework.security.web.FilterChainProxy$VirtualFilterChain.doFilter(FilterChainProxy.java:380) ~[spring-security-web-7.0.3.jar:7.0.3]
	at org.springframework.security.web.authentication.AnonymousAuthenticationFilter.doFilter(AnonymousAuthenticationFilter.java:100) ~[spring-security-web-7.0.3.jar:7.0.3]
	at org.springframework.security.web.FilterChainProxy$VirtualFilterChain.doFilter(FilterChainProxy.java:380) ~[spring-security-web-7.0.3.jar:7.0.3]
	at org.springframework.security.web.servletapi.SecurityContextHolderAwareRequestFilter.doFilter(SecurityContextHolderAwareRequestFilter.java:181) ~[spring-security-web-7.0.3.jar:7.0.3]
	at org.springframework.security.web.FilterChainProxy$VirtualFilterChain.doFilter(FilterChainProxy.java:380) ~[spring-security-web-7.0.3.jar:7.0.3]
	at org.springframework.security.web.savedrequest.RequestCacheAwareFilter.doFilter(RequestCacheAwareFilter.java:63) ~[spring-security-web-7.0.3.jar:7.0.3]
	at org.springframework.security.web.FilterChainProxy$VirtualFilterChain.doFilter(FilterChainProxy.java:380) ~[spring-security-web-7.0.3.jar:7.0.3]
	at org.springframework.security.web.authentication.logout.LogoutFilter.doFilter(LogoutFilter.java:110) ~[spring-security-web-7.0.3.jar:7.0.3]
	at org.springframework.security.web.authentication.logout.LogoutFilter.doFilter(LogoutFilter.java:96) ~[spring-security-web-7.0.3.jar:7.0.3]
	at org.springframework.security.web.FilterChainProxy$VirtualFilterChain.doFilter(FilterChainProxy.java:380) ~[spring-security-web-7.0.3.jar:7.0.3]
	at org.springframework.security.web.header.HeaderWriterFilter.doHeadersAfter(HeaderWriterFilter.java:90) ~[spring-security-web-7.0.3.jar:7.0.3]
	at org.springframework.security.web.header.HeaderWriterFilter.doFilterInternal(HeaderWriterFilter.java:75) ~[spring-security-web-7.0.3.jar:7.0.3]
	at org.springframework.web.filter.OncePerRequestFilter.doFilter(OncePerRequestFilter.java:116) ~[spring-web-7.0.5.jar:7.0.5]
	at org.springframework.security.web.FilterChainProxy$VirtualFilterChain.doFilter(FilterChainProxy.java:380) ~[spring-security-web-7.0.3.jar:7.0.3]
	at org.springframework.security.web.context.SecurityContextHolderFilter.doFilter(SecurityContextHolderFilter.java:82) ~[spring-security-web-7.0.3.jar:7.0.3]
	at org.springframework.security.web.context.SecurityContextHolderFilter.doFilter(SecurityContextHolderFilter.java:69) ~[spring-security-web-7.0.3.jar:7.0.3]
	at org.springframework.security.web.FilterChainProxy$VirtualFilterChain.doFilter(FilterChainProxy.java:380) ~[spring-security-web-7.0.3.jar:7.0.3]
	at org.springframework.security.web.context.request.async.WebAsyncManagerIntegrationFilter.doFilterInternal(WebAsyncManagerIntegrationFilter.java:62) ~[spring-security-web-7.0.3.jar:7.0.3]
	at org.springframework.web.filter.OncePerRequestFilter.doFilter(OncePerRequestFilter.java:116) ~[spring-web-7.0.5.jar:7.0.5]
	at org.springframework.security.web.FilterChainProxy$VirtualFilterChain.doFilter(FilterChainProxy.java:380) ~[spring-security-web-7.0.3.jar:7.0.3]
	at org.springframework.security.web.session.DisableEncodeUrlFilter.doFilterInternal(DisableEncodeUrlFilter.java:42) ~[spring-security-web-7.0.3.jar:7.0.3]
	at org.springframework.web.filter.OncePerRequestFilter.doFilter(OncePerRequestFilter.java:116) ~[spring-web-7.0.5.jar:7.0.5]
	at org.springframework.security.web.FilterChainProxy$VirtualFilterChain.doFilter(FilterChainProxy.java:380) ~[spring-security-web-7.0.3.jar:7.0.3]
	at org.springframework.security.web.FilterChainProxy.doFilterInternal(FilterChainProxy.java:237) ~[spring-security-web-7.0.3.jar:7.0.3]
	at org.springframework.security.web.FilterChainProxy.doFilter(FilterChainProxy.java:195) ~[spring-security-web-7.0.3.jar:7.0.3]
	at org.springframework.web.filter.CompositeFilter$VirtualFilterChain.doFilter(CompositeFilter.java:113) ~[spring-web-7.0.5.jar:7.0.5]
	at org.springframework.web.filter.ServletRequestPathFilter.doFilter(ServletRequestPathFilter.java:52) ~[spring-web-7.0.5.jar:7.0.5]
	at org.springframework.web.filter.CompositeFilter$VirtualFilterChain.doFilter(CompositeFilter.java:113) ~[spring-web-7.0.5.jar:7.0.5]
	at org.springframework.web.filter.CompositeFilter.doFilter(CompositeFilter.java:74) ~[spring-web-7.0.5.jar:7.0.5]
	at org.springframework.security.config.annotation.web.configuration.WebSecurityConfiguration$CompositeFilterChainProxy.doFilter(WebSecurityConfiguration.java:317) ~[spring-security-config-7.0.3.jar:7.0.3]
	at org.springframework.web.filter.DelegatingFilterProxy.invokeDelegate(DelegatingFilterProxy.java:355) ~[spring-web-7.0.5.jar:7.0.5]
	at org.springframework.web.filter.DelegatingFilterProxy.doFilter(DelegatingFilterProxy.java:272) ~[spring-web-7.0.5.jar:7.0.5]
	at org.apache.catalina.core.ApplicationFilterChain.doFilter(ApplicationFilterChain.java:107) ~[tomcat-embed-core-11.0.18.jar:11.0.18]
	at org.springframework.web.filter.RequestContextFilter.doFilterInternal(RequestContextFilter.java:100) ~[spring-web-7.0.5.jar:7.0.5]
	at org.springframework.web.filter.OncePerRequestFilter.doFilter(OncePerRequestFilter.java:116) ~[spring-web-7.0.5.jar:7.0.5]
	at org.apache.catalina.core.ApplicationFilterChain.doFilter(ApplicationFilterChain.java:107) ~[tomcat-embed-core-11.0.18.jar:11.0.18]
	at org.springframework.web.filter.FormContentFilter.doFilterInternal(FormContentFilter.java:93) ~[spring-web-7.0.5.jar:7.0.5]
	at org.springframework.web.filter.OncePerRequestFilter.doFilter(OncePerRequestFilter.java:116) ~[spring-web-7.0.5.jar:7.0.5]
	at org.apache.catalina.core.ApplicationFilterChain.doFilter(ApplicationFilterChain.java:107) ~[tomcat-embed-core-11.0.18.jar:11.0.18]
	at org.springframework.web.filter.CharacterEncodingFilter.doFilterInternal(CharacterEncodingFilter.java:199) ~[spring-web-7.0.5.jar:7.0.5]
	at org.springframework.web.filter.OncePerRequestFilter.doFilter(OncePerRequestFilter.java:116) ~[spring-web-7.0.5.jar:7.0.5]
	at org.apache.catalina.core.ApplicationFilterChain.doFilter(ApplicationFilterChain.java:107) ~[tomcat-embed-core-11.0.18.jar:11.0.18]
	at org.apache.catalina.core.StandardWrapperValve.invoke(StandardWrapperValve.java:165) ~[tomcat-embed-core-11.0.18.jar:11.0.18]
	at org.apache.catalina.core.StandardContextValve.invoke(StandardContextValve.java:77) ~[tomcat-embed-core-11.0.18.jar:11.0.18]
	at org.apache.catalina.authenticator.AuthenticatorBase.invoke(AuthenticatorBase.java:492) ~[tomcat-embed-core-11.0.18.jar:11.0.18]
	at org.apache.catalina.core.StandardHostValve.invoke(StandardHostValve.java:113) ~[tomcat-embed-core-11.0.18.jar:11.0.18]
	at org.apache.catalina.valves.ErrorReportValve.invoke(ErrorReportValve.java:83) ~[tomcat-embed-core-11.0.18.jar:11.0.18]
	at org.apache.catalina.core.StandardEngineValve.invoke(StandardEngineValve.java:72) ~[tomcat-embed-core-11.0.18.jar:11.0.18]
	at org.apache.catalina.connector.CoyoteAdapter.service(CoyoteAdapter.java:341) ~[tomcat-embed-core-11.0.18.jar:11.0.18]
	at org.apache.coyote.http11.Http11Processor.service(Http11Processor.java:397) ~[tomcat-embed-core-11.0.18.jar:11.0.18]
	at org.apache.coyote.AbstractProcessorLight.process(AbstractProcessorLight.java:63) ~[tomcat-embed-core-11.0.18.jar:11.0.18]
	at org.apache.coyote.AbstractProtocol$ConnectionHandler.process(AbstractProtocol.java:903) ~[tomcat-embed-core-11.0.18.jar:11.0.18]
	at org.apache.tomcat.util.net.NioEndpoint$SocketProcessor.doRun(NioEndpoint.java:1779) ~[tomcat-embed-core-11.0.18.jar:11.0.18]
	at org.apache.tomcat.util.net.SocketProcessorBase.run(SocketProcessorBase.java:52) ~[tomcat-embed-core-11.0.18.jar:11.0.18]
	at org.apache.tomcat.util.threads.ThreadPoolExecutor.runWorker(ThreadPoolExecutor.java:946) ~[tomcat-embed-core-11.0.18.jar:11.0.18]
	at org.apache.tomcat.util.threads.ThreadPoolExecutor$Worker.run(ThreadPoolExecutor.java:480) ~[tomcat-embed-core-11.0.18.jar:11.0.18]
	at org.apache.tomcat.util.threads.TaskThread$WrappingRunnable.run(TaskThread.java:57) ~[tomcat-embed-core-11.0.18.jar:11.0.18]
	at java.base/java.lang.Thread.run(Thread.java:1474) ~[na:na]

2026-03-24T10:26:01.133-06:00  INFO 9008 --- [back] [SpringApplicationShutdownHook] o.s.boot.tomcat.GracefulShutdown         : Commencing graceful shutdown. Waiting for active requests to complete
2026-03-24T10:26:01.141-06:00  INFO 9008 --- [back] [tomcat-shutdown] o.s.boot.tomcat.GracefulShutdown         : Graceful shutdown complete
2026-03-24T10:26:01.144-06:00  INFO 9008 --- [back] [SpringApplicationShutdownHook] j.LocalContainerEntityManagerFactoryBean : Closing JPA EntityManagerFactory for persistence unit 'default'
2026-03-24T10:26:01.146-06:00  INFO 9008 --- [back] [SpringApplicationShutdownHook] com.zaxxer.hikari.HikariDataSource       : HikariPool-1 - Shutdown initiated...
2026-03-24T10:26:01.154-06:00  INFO 9008 --- [back] [SpringApplicationShutdownHook] com.zaxxer.hikari.HikariDataSource       : HikariPool-1 - Shutdown completed.
2026-03-24T10:26:04.755-06:00  INFO 22948 --- [back] [main] com.pueblahealth.back.BackApplication    : Starting BackApplication using Java 25.0.2 with PID 22948 (C:\Users\dylan\Documents\seguridadProyecto\PUEBLAHealth-Tech\back\target\classes started by dylan in C:\Users\dylan\Documents\seguridadProyecto\PUEBLAHealth-Tech)
2026-03-24T10:26:04.758-06:00 DEBUG 22948 --- [back] [main] com.pueblahealth.back.BackApplication    : Running with Spring Boot v4.0.3, Spring v7.0.5
2026-03-24T10:26:04.759-06:00  INFO 22948 --- [back] [main] com.pueblahealth.back.BackApplication    : No active profile set, falling back to 1 default profile: "default"
2026-03-24T10:26:05.502-06:00  INFO 22948 --- [back] [main] .s.d.r.c.RepositoryConfigurationDelegate : Bootstrapping Spring Data JPA repositories in DEFAULT mode.
2026-03-24T10:26:05.575-06:00  INFO 22948 --- [back] [main] .s.d.r.c.RepositoryConfigurationDelegate : Finished Spring Data repository scanning in 62 ms. Found 3 JPA repository interfaces.
2026-03-24T10:26:06.150-06:00  INFO 22948 --- [back] [main] o.s.boot.tomcat.TomcatWebServer          : Tomcat initialized with port 8080 (http)
2026-03-24T10:26:06.163-06:00  INFO 22948 --- [back] [main] o.apache.catalina.core.StandardService   : Starting service [Tomcat]
2026-03-24T10:26:06.164-06:00  INFO 22948 --- [back] [main] o.apache.catalina.core.StandardEngine    : Starting Servlet engine: [Apache Tomcat/11.0.18]
2026-03-24T10:26:06.227-06:00  INFO 22948 --- [back] [main] b.w.c.s.WebApplicationContextInitializer : Root WebApplicationContext: initialization completed in 1412 ms
2026-03-24T10:26:06.440-06:00  INFO 22948 --- [back] [main] org.hibernate.orm.jpa                    : HHH008540: Processing PersistenceUnitInfo [name: default]
2026-03-24T10:26:06.483-06:00  INFO 22948 --- [back] [main] org.hibernate.orm.core                   : HHH000001: Hibernate ORM core version 7.2.4.Final
2026-03-24T10:26:06.952-06:00  INFO 22948 --- [back] [main] o.s.o.j.p.SpringPersistenceUnitInfo      : No LoadTimeWeaver setup: ignoring JPA class transformer
2026-03-24T10:26:06.984-06:00  INFO 22948 --- [back] [main] com.zaxxer.hikari.HikariDataSource       : HikariPool-1 - Starting...
2026-03-24T10:26:07.125-06:00  INFO 22948 --- [back] [main] com.zaxxer.hikari.pool.HikariPool        : HikariPool-1 - Added connection com.mysql.cj.jdbc.ConnectionImpl@67593f7b
2026-03-24T10:26:07.128-06:00  INFO 22948 --- [back] [main] com.zaxxer.hikari.HikariDataSource       : HikariPool-1 - Start completed.
2026-03-24T10:26:07.176-06:00  WARN 22948 --- [back] [main] org.hibernate.orm.core                   : HHH000511: The 5.5.5 version for [org.hibernate.dialect.MySQLDialect] is no longer supported, hence certain features may not work properly.The minimum supported version is 8.0.0. Check the community dialects project for available legacy versions.
2026-03-24T10:26:07.200-06:00  INFO 22948 --- [back] [main] org.hibernate.orm.connections.pooling    : HHH10001005: Database info:
	Database JDBC URL [jdbc:mysql://127.0.0.1:3306/pueblahealth]
	Database driver: MySQL Connector/J
	Database dialect: MySQLDialect
	Database version: 5.5.5
	Default catalog/schema: pueblahealth/undefined
	Autocommit mode: undefined/unknown
	Isolation level: REPEATABLE_READ [default REPEATABLE_READ]
	JDBC fetch size: none
	Pool: DataSourceConnectionProvider
	Minimum pool size: undefined/unknown
	Maximum pool size: undefined/unknown
2026-03-24T10:26:07.981-06:00  INFO 22948 --- [back] [main] org.hibernate.orm.core                   : HHH000489: No JTA platform available (set 'hibernate.transaction.jta.platform' to enable JTA platform integration)
2026-03-24T10:26:08.152-06:00  INFO 22948 --- [back] [main] j.LocalContainerEntityManagerFactoryBean : Initialized JPA EntityManagerFactory for persistence unit 'default'
2026-03-24T10:26:08.244-06:00  INFO 22948 --- [back] [main] o.s.d.j.r.query.QueryEnhancerFactories   : Hibernate is in classpath; If applicable, HQL parser will be used.
2026-03-24T10:26:08.492-06:00  WARN 22948 --- [back] [main] JpaBaseConfiguration$JpaWebConfiguration : spring.jpa.open-in-view is enabled by default. Therefore, database queries may be performed during view rendering. Explicitly configure spring.jpa.open-in-view to disable this warning
2026-03-24T10:26:08.573-06:00  WARN 22948 --- [back] [main] .s.a.UserDetailsServiceAutoConfiguration : 

Using generated security password: 06c6fbad-65dd-41b3-9d41-87933faa5999

This generated password is for development use only. Your security configuration must be updated before running your application in production.

2026-03-24T10:26:08.580-06:00  INFO 22948 --- [back] [main] r$InitializeUserDetailsManagerConfigurer : Global AuthenticationManager configured with UserDetailsService bean with name inMemoryUserDetailsManager
2026-03-24T10:26:09.062-06:00  INFO 22948 --- [back] [main] o.s.boot.tomcat.TomcatWebServer          : Tomcat started on port 8080 (http) with context path '/'
2026-03-24T10:26:09.067-06:00  INFO 22948 --- [back] [main] com.pueblahealth.back.BackApplication    : Started BackApplication in 4.86 seconds (process running for 5.324)
2026-03-24T10:26:14.878-06:00  INFO 22948 --- [back] [http-nio-8080-exec-1] o.a.c.c.C.[Tomcat].[localhost].[/]       : Initializing Spring DispatcherServlet 'dispatcherServlet'
2026-03-24T10:26:14.878-06:00  INFO 22948 --- [back] [http-nio-8080-exec-1] o.s.web.servlet.DispatcherServlet        : Initializing Servlet 'dispatcherServlet'
2026-03-24T10:26:14.881-06:00  INFO 22948 --- [back] [http-nio-8080-exec-1] o.s.web.servlet.DispatcherServlet        : Completed initialization in 2 ms
2026-03-24T10:26:15.049-06:00 ERROR 22948 --- [back] [http-nio-8080-exec-2] c.pueblahealth.back.service.AuthService  : [CRITICAL] Error al descifrar datos

javax.crypto.IllegalBlockSizeException: Input length must be multiple of 16 when decrypting with padded cipher
	at java.base/com.sun.crypto.provider.CipherCore.prepareInputBuffer(CipherCore.java:890) ~[na:na]
	at java.base/com.sun.crypto.provider.CipherCore.doFinal(CipherCore.java:729) ~[na:na]
	at java.base/com.sun.crypto.provider.AESCipher.engineDoFinal(AESCipher.java:446) ~[na:na]
	at java.base/javax.crypto.Cipher.doFinal(Cipher.java:2260) ~[na:na]
	at com.pueblahealth.back.utils.AesUtil.decrypt(AesUtil.java:55) ~[classes/:na]
	at com.pueblahealth.back.service.AuthService.login(AuthService.java:124) ~[classes/:na]
	at java.base/jdk.internal.reflect.DirectMethodHandleAccessor.invoke(DirectMethodHandleAccessor.java:104) ~[na:na]
	at java.base/java.lang.reflect.Method.invoke(Method.java:565) ~[na:na]
	at org.springframework.aop.support.AopUtils.invokeJoinpointUsingReflection(AopUtils.java:359) ~[spring-aop-7.0.5.jar:7.0.5]
	at org.springframework.aop.framework.ReflectiveMethodInvocation.invokeJoinpoint(ReflectiveMethodInvocation.java:190) ~[spring-aop-7.0.5.jar:7.0.5]
	at org.springframework.aop.framework.ReflectiveMethodInvocation.proceed(ReflectiveMethodInvocation.java:158) ~[spring-aop-7.0.5.jar:7.0.5]
	at org.springframework.transaction.interceptor.TransactionInterceptor$1.proceedWithInvocation(TransactionInterceptor.java:133) ~[spring-tx-7.0.5.jar:7.0.5]
	at org.springframework.transaction.interceptor.TransactionAspectSupport.invokeWithinTransaction(TransactionAspectSupport.java:371) ~[spring-tx-7.0.5.jar:7.0.5]
	at org.springframework.transaction.interceptor.TransactionInterceptor.invoke(TransactionInterceptor.java:130) ~[spring-tx-7.0.5.jar:7.0.5]
	at org.springframework.aop.framework.ReflectiveMethodInvocation.proceed(ReflectiveMethodInvocation.java:179) ~[spring-aop-7.0.5.jar:7.0.5]
	at org.springframework.aop.framework.CglibAopProxy$DynamicAdvisedInterceptor.intercept(CglibAopProxy.java:719) ~[spring-aop-7.0.5.jar:7.0.5]
	at com.pueblahealth.back.service.AuthService$$SpringCGLIB$$0.login(<generated>) ~[classes/:na]
	at com.pueblahealth.back.controller.AuthController.login(AuthController.java:30) ~[classes/:na]
	at java.base/jdk.internal.reflect.DirectMethodHandleAccessor.invoke(DirectMethodHandleAccessor.java:104) ~[na:na]
	at java.base/java.lang.reflect.Method.invoke(Method.java:565) ~[na:na]
	at org.springframework.web.method.support.InvocableHandlerMethod.doInvoke(InvocableHandlerMethod.java:252) ~[spring-web-7.0.5.jar:7.0.5]
	at org.springframework.web.method.support.InvocableHandlerMethod.invokeForRequest(InvocableHandlerMethod.java:184) ~[spring-web-7.0.5.jar:7.0.5]
	at org.springframework.web.servlet.mvc.method.annotation.ServletInvocableHandlerMethod.invokeAndHandle(ServletInvocableHandlerMethod.java:117) ~[spring-webmvc-7.0.5.jar:7.0.5]
	at org.springframework.web.servlet.mvc.method.annotation.RequestMappingHandlerAdapter.invokeHandlerMethod(RequestMappingHandlerAdapter.java:934) ~[spring-webmvc-7.0.5.jar:7.0.5]
	at org.springframework.web.servlet.mvc.method.annotation.RequestMappingHandlerAdapter.handleInternal(RequestMappingHandlerAdapter.java:853) ~[spring-webmvc-7.0.5.jar:7.0.5]
	at org.springframework.web.servlet.mvc.method.AbstractHandlerMethodAdapter.handle(AbstractHandlerMethodAdapter.java:86) ~[spring-webmvc-7.0.5.jar:7.0.5]
	at org.springframework.web.servlet.DispatcherServlet.doDispatch(DispatcherServlet.java:963) ~[spring-webmvc-7.0.5.jar:7.0.5]
	at org.springframework.web.servlet.DispatcherServlet.doService(DispatcherServlet.java:866) ~[spring-webmvc-7.0.5.jar:7.0.5]
	at org.springframework.web.servlet.FrameworkServlet.processRequest(FrameworkServlet.java:1000) ~[spring-webmvc-7.0.5.jar:7.0.5]
	at org.springframework.web.servlet.FrameworkServlet.doPost(FrameworkServlet.java:903) ~[spring-webmvc-7.0.5.jar:7.0.5]
	at jakarta.servlet.http.HttpServlet.service(HttpServlet.java:649) ~[tomcat-embed-core-11.0.18.jar:6.1]
	at org.springframework.web.servlet.FrameworkServlet.service(FrameworkServlet.java:874) ~[spring-webmvc-7.0.5.jar:7.0.5]
	at jakarta.servlet.http.HttpServlet.service(HttpServlet.java:710) ~[tomcat-embed-core-11.0.18.jar:6.1]
	at org.apache.catalina.core.ApplicationFilterChain.doFilter(ApplicationFilterChain.java:128) ~[tomcat-embed-core-11.0.18.jar:11.0.18]
	at org.apache.tomcat.websocket.server.WsFilter.doFilter(WsFilter.java:53) ~[tomcat-embed-websocket-11.0.18.jar:11.0.18]
	at org.apache.catalina.core.ApplicationFilterChain.doFilter(ApplicationFilterChain.java:107) ~[tomcat-embed-core-11.0.18.jar:11.0.18]
	at org.springframework.web.filter.CompositeFilter$VirtualFilterChain.doFilter(CompositeFilter.java:108) ~[spring-web-7.0.5.jar:7.0.5]
	at org.springframework.security.web.FilterChainProxy.lambda$doFilterInternal$3(FilterChainProxy.java:235) ~[spring-security-web-7.0.3.jar:7.0.3]
	at org.springframework.security.web.FilterChainProxy$VirtualFilterChain.doFilter(FilterChainProxy.java:371) ~[spring-security-web-7.0.3.jar:7.0.3]
	at org.springframework.security.web.access.intercept.AuthorizationFilter.doFilter(AuthorizationFilter.java:101) ~[spring-security-web-7.0.3.jar:7.0.3]
	at org.springframework.security.web.FilterChainProxy$VirtualFilterChain.doFilter(FilterChainProxy.java:380) ~[spring-security-web-7.0.3.jar:7.0.3]
	at org.springframework.security.web.access.ExceptionTranslationFilter.doFilter(ExceptionTranslationFilter.java:126) ~[spring-security-web-7.0.3.jar:7.0.3]
	at org.springframework.security.web.access.ExceptionTranslationFilter.doFilter(ExceptionTranslationFilter.java:120) ~[spring-security-web-7.0.3.jar:7.0.3]
	at org.springframework.security.web.FilterChainProxy$VirtualFilterChain.doFilter(FilterChainProxy.java:380) ~[spring-security-web-7.0.3.jar:7.0.3]
	at org.springframework.security.web.authentication.AnonymousAuthenticationFilter.doFilter(AnonymousAuthenticationFilter.java:100) ~[spring-security-web-7.0.3.jar:7.0.3]
	at org.springframework.security.web.FilterChainProxy$VirtualFilterChain.doFilter(FilterChainProxy.java:380) ~[spring-security-web-7.0.3.jar:7.0.3]
	at org.springframework.security.web.servletapi.SecurityContextHolderAwareRequestFilter.doFilter(SecurityContextHolderAwareRequestFilter.java:181) ~[spring-security-web-7.0.3.jar:7.0.3]
	at org.springframework.security.web.FilterChainProxy$VirtualFilterChain.doFilter(FilterChainProxy.java:380) ~[spring-security-web-7.0.3.jar:7.0.3]
	at org.springframework.security.web.savedrequest.RequestCacheAwareFilter.doFilter(RequestCacheAwareFilter.java:63) ~[spring-security-web-7.0.3.jar:7.0.3]
	at org.springframework.security.web.FilterChainProxy$VirtualFilterChain.doFilter(FilterChainProxy.java:380) ~[spring-security-web-7.0.3.jar:7.0.3]
	at org.springframework.security.web.authentication.logout.LogoutFilter.doFilter(LogoutFilter.java:110) ~[spring-security-web-7.0.3.jar:7.0.3]
	at org.springframework.security.web.authentication.logout.LogoutFilter.doFilter(LogoutFilter.java:96) ~[spring-security-web-7.0.3.jar:7.0.3]
	at org.springframework.security.web.FilterChainProxy$VirtualFilterChain.doFilter(FilterChainProxy.java:380) ~[spring-security-web-7.0.3.jar:7.0.3]
	at org.springframework.security.web.header.HeaderWriterFilter.doHeadersAfter(HeaderWriterFilter.java:90) ~[spring-security-web-7.0.3.jar:7.0.3]
	at org.springframework.security.web.header.HeaderWriterFilter.doFilterInternal(HeaderWriterFilter.java:75) ~[spring-security-web-7.0.3.jar:7.0.3]
	at org.springframework.web.filter.OncePerRequestFilter.doFilter(OncePerRequestFilter.java:116) ~[spring-web-7.0.5.jar:7.0.5]
	at org.springframework.security.web.FilterChainProxy$VirtualFilterChain.doFilter(FilterChainProxy.java:380) ~[spring-security-web-7.0.3.jar:7.0.3]
	at org.springframework.security.web.context.SecurityContextHolderFilter.doFilter(SecurityContextHolderFilter.java:82) ~[spring-security-web-7.0.3.jar:7.0.3]
	at org.springframework.security.web.context.SecurityContextHolderFilter.doFilter(SecurityContextHolderFilter.java:69) ~[spring-security-web-7.0.3.jar:7.0.3]
	at org.springframework.security.web.FilterChainProxy$VirtualFilterChain.doFilter(FilterChainProxy.java:380) ~[spring-security-web-7.0.3.jar:7.0.3]
	at org.springframework.security.web.context.request.async.WebAsyncManagerIntegrationFilter.doFilterInternal(WebAsyncManagerIntegrationFilter.java:62) ~[spring-security-web-7.0.3.jar:7.0.3]
	at org.springframework.web.filter.OncePerRequestFilter.doFilter(OncePerRequestFilter.java:116) ~[spring-web-7.0.5.jar:7.0.5]
	at org.springframework.security.web.FilterChainProxy$VirtualFilterChain.doFilter(FilterChainProxy.java:380) ~[spring-security-web-7.0.3.jar:7.0.3]
	at org.springframework.security.web.session.DisableEncodeUrlFilter.doFilterInternal(DisableEncodeUrlFilter.java:42) ~[spring-security-web-7.0.3.jar:7.0.3]
	at org.springframework.web.filter.OncePerRequestFilter.doFilter(OncePerRequestFilter.java:116) ~[spring-web-7.0.5.jar:7.0.5]
	at org.springframework.security.web.FilterChainProxy$VirtualFilterChain.doFilter(FilterChainProxy.java:380) ~[spring-security-web-7.0.3.jar:7.0.3]
	at org.springframework.security.web.FilterChainProxy.doFilterInternal(FilterChainProxy.java:237) ~[spring-security-web-7.0.3.jar:7.0.3]
	at org.springframework.security.web.FilterChainProxy.doFilter(FilterChainProxy.java:195) ~[spring-security-web-7.0.3.jar:7.0.3]
	at org.springframework.web.filter.CompositeFilter$VirtualFilterChain.doFilter(CompositeFilter.java:113) ~[spring-web-7.0.5.jar:7.0.5]
	at org.springframework.web.filter.ServletRequestPathFilter.doFilter(ServletRequestPathFilter.java:52) ~[spring-web-7.0.5.jar:7.0.5]
	at org.springframework.web.filter.CompositeFilter$VirtualFilterChain.doFilter(CompositeFilter.java:113) ~[spring-web-7.0.5.jar:7.0.5]
	at org.springframework.web.filter.CompositeFilter.doFilter(CompositeFilter.java:74) ~[spring-web-7.0.5.jar:7.0.5]
	at org.springframework.security.config.annotation.web.configuration.WebSecurityConfiguration$CompositeFilterChainProxy.doFilter(WebSecurityConfiguration.java:317) ~[spring-security-config-7.0.3.jar:7.0.3]
	at org.springframework.web.filter.DelegatingFilterProxy.invokeDelegate(DelegatingFilterProxy.java:355) ~[spring-web-7.0.5.jar:7.0.5]
	at org.springframework.web.filter.DelegatingFilterProxy.doFilter(DelegatingFilterProxy.java:272) ~[spring-web-7.0.5.jar:7.0.5]
	at org.apache.catalina.core.ApplicationFilterChain.doFilter(ApplicationFilterChain.java:107) ~[tomcat-embed-core-11.0.18.jar:11.0.18]
	at org.springframework.web.filter.RequestContextFilter.doFilterInternal(RequestContextFilter.java:100) ~[spring-web-7.0.5.jar:7.0.5]
	at org.springframework.web.filter.OncePerRequestFilter.doFilter(OncePerRequestFilter.java:116) ~[spring-web-7.0.5.jar:7.0.5]
	at org.apache.catalina.core.ApplicationFilterChain.doFilter(ApplicationFilterChain.java:107) ~[tomcat-embed-core-11.0.18.jar:11.0.18]
	at org.springframework.web.filter.FormContentFilter.doFilterInternal(FormContentFilter.java:93) ~[spring-web-7.0.5.jar:7.0.5]
	at org.springframework.web.filter.OncePerRequestFilter.doFilter(OncePerRequestFilter.java:116) ~[spring-web-7.0.5.jar:7.0.5]
	at org.apache.catalina.core.ApplicationFilterChain.doFilter(ApplicationFilterChain.java:107) ~[tomcat-embed-core-11.0.18.jar:11.0.18]
	at org.springframework.web.filter.CharacterEncodingFilter.doFilterInternal(CharacterEncodingFilter.java:199) ~[spring-web-7.0.5.jar:7.0.5]
	at org.springframework.web.filter.OncePerRequestFilter.doFilter(OncePerRequestFilter.java:116) ~[spring-web-7.0.5.jar:7.0.5]
	at org.apache.catalina.core.ApplicationFilterChain.doFilter(ApplicationFilterChain.java:107) ~[tomcat-embed-core-11.0.18.jar:11.0.18]
	at org.apache.catalina.core.StandardWrapperValve.invoke(StandardWrapperValve.java:165) ~[tomcat-embed-core-11.0.18.jar:11.0.18]
	at org.apache.catalina.core.StandardContextValve.invoke(StandardContextValve.java:77) ~[tomcat-embed-core-11.0.18.jar:11.0.18]
	at org.apache.catalina.authenticator.AuthenticatorBase.invoke(AuthenticatorBase.java:492) ~[tomcat-embed-core-11.0.18.jar:11.0.18]
	at org.apache.catalina.core.StandardHostValve.invoke(StandardHostValve.java:113) ~[tomcat-embed-core-11.0.18.jar:11.0.18]
	at org.apache.catalina.valves.ErrorReportValve.invoke(ErrorReportValve.java:83) ~[tomcat-embed-core-11.0.18.jar:11.0.18]
	at org.apache.catalina.core.StandardEngineValve.invoke(StandardEngineValve.java:72) ~[tomcat-embed-core-11.0.18.jar:11.0.18]
	at org.apache.catalina.connector.CoyoteAdapter.service(CoyoteAdapter.java:341) ~[tomcat-embed-core-11.0.18.jar:11.0.18]
	at org.apache.coyote.http11.Http11Processor.service(Http11Processor.java:397) ~[tomcat-embed-core-11.0.18.jar:11.0.18]
	at org.apache.coyote.AbstractProcessorLight.process(AbstractProcessorLight.java:63) ~[tomcat-embed-core-11.0.18.jar:11.0.18]
	at org.apache.coyote.AbstractProtocol$ConnectionHandler.process(AbstractProtocol.java:903) ~[tomcat-embed-core-11.0.18.jar:11.0.18]
	at org.apache.tomcat.util.net.NioEndpoint$SocketProcessor.doRun(NioEndpoint.java:1779) ~[tomcat-embed-core-11.0.18.jar:11.0.18]
	at org.apache.tomcat.util.net.SocketProcessorBase.run(SocketProcessorBase.java:52) ~[tomcat-embed-core-11.0.18.jar:11.0.18]
	at org.apache.tomcat.util.threads.ThreadPoolExecutor.runWorker(ThreadPoolExecutor.java:946) ~[tomcat-embed-core-11.0.18.jar:11.0.18]
	at org.apache.tomcat.util.threads.ThreadPoolExecutor$Worker.run(ThreadPoolExecutor.java:480) ~[tomcat-embed-core-11.0.18.jar:11.0.18]
	at org.apache.tomcat.util.threads.TaskThread$WrappingRunnable.run(TaskThread.java:57) ~[tomcat-embed-core-11.0.18.jar:11.0.18]
	at java.base/java.lang.Thread.run(Thread.java:1474) ~[na:na]

2026-03-24T10:26:15.063-06:00 ERROR 22948 --- [back] [http-nio-8080-exec-2] o.a.c.c.C.[.[.[/].[dispatcherServlet]    : Servlet.service() for servlet [dispatcherServlet] in context with path [] threw exception [Request processing failed: java.lang.RuntimeException: Error de seguridad en la solicitud] with root cause

java.lang.RuntimeException: Error de seguridad en la solicitud
	at com.pueblahealth.back.service.AuthService.login(AuthService.java:128) ~[classes/:na]
	at java.base/jdk.internal.reflect.DirectMethodHandleAccessor.invoke(DirectMethodHandleAccessor.java:104) ~[na:na]
	at java.base/java.lang.reflect.Method.invoke(Method.java:565) ~[na:na]
	at org.springframework.aop.support.AopUtils.invokeJoinpointUsingReflection(AopUtils.java:359) ~[spring-aop-7.0.5.jar:7.0.5]
	at org.springframework.aop.framework.ReflectiveMethodInvocation.invokeJoinpoint(ReflectiveMethodInvocation.java:190) ~[spring-aop-7.0.5.jar:7.0.5]
	at org.springframework.aop.framework.ReflectiveMethodInvocation.proceed(ReflectiveMethodInvocation.java:158) ~[spring-aop-7.0.5.jar:7.0.5]
	at org.springframework.transaction.interceptor.TransactionInterceptor$1.proceedWithInvocation(TransactionInterceptor.java:133) ~[spring-tx-7.0.5.jar:7.0.5]
	at org.springframework.transaction.interceptor.TransactionAspectSupport.invokeWithinTransaction(TransactionAspectSupport.java:371) ~[spring-tx-7.0.5.jar:7.0.5]
	at org.springframework.transaction.interceptor.TransactionInterceptor.invoke(TransactionInterceptor.java:130) ~[spring-tx-7.0.5.jar:7.0.5]
	at org.springframework.aop.framework.ReflectiveMethodInvocation.proceed(ReflectiveMethodInvocation.java:179) ~[spring-aop-7.0.5.jar:7.0.5]
	at org.springframework.aop.framework.CglibAopProxy$DynamicAdvisedInterceptor.intercept(CglibAopProxy.java:719) ~[spring-aop-7.0.5.jar:7.0.5]
	at com.pueblahealth.back.service.AuthService$$SpringCGLIB$$0.login(<generated>) ~[classes/:na]
	at com.pueblahealth.back.controller.AuthController.login(AuthController.java:30) ~[classes/:na]
	at java.base/jdk.internal.reflect.DirectMethodHandleAccessor.invoke(DirectMethodHandleAccessor.java:104) ~[na:na]
	at java.base/java.lang.reflect.Method.invoke(Method.java:565) ~[na:na]
	at org.springframework.web.method.support.InvocableHandlerMethod.doInvoke(InvocableHandlerMethod.java:252) ~[spring-web-7.0.5.jar:7.0.5]
	at org.springframework.web.method.support.InvocableHandlerMethod.invokeForRequest(InvocableHandlerMethod.java:184) ~[spring-web-7.0.5.jar:7.0.5]
	at org.springframework.web.servlet.mvc.method.annotation.ServletInvocableHandlerMethod.invokeAndHandle(ServletInvocableHandlerMethod.java:117) ~[spring-webmvc-7.0.5.jar:7.0.5]
	at org.springframework.web.servlet.mvc.method.annotation.RequestMappingHandlerAdapter.invokeHandlerMethod(RequestMappingHandlerAdapter.java:934) ~[spring-webmvc-7.0.5.jar:7.0.5]
	at org.springframework.web.servlet.mvc.method.annotation.RequestMappingHandlerAdapter.handleInternal(RequestMappingHandlerAdapter.java:853) ~[spring-webmvc-7.0.5.jar:7.0.5]
	at org.springframework.web.servlet.mvc.method.AbstractHandlerMethodAdapter.handle(AbstractHandlerMethodAdapter.java:86) ~[spring-webmvc-7.0.5.jar:7.0.5]
	at org.springframework.web.servlet.DispatcherServlet.doDispatch(DispatcherServlet.java:963) ~[spring-webmvc-7.0.5.jar:7.0.5]
	at org.springframework.web.servlet.DispatcherServlet.doService(DispatcherServlet.java:866) ~[spring-webmvc-7.0.5.jar:7.0.5]
	at org.springframework.web.servlet.FrameworkServlet.processRequest(FrameworkServlet.java:1000) ~[spring-webmvc-7.0.5.jar:7.0.5]
	at org.springframework.web.servlet.FrameworkServlet.doPost(FrameworkServlet.java:903) ~[spring-webmvc-7.0.5.jar:7.0.5]
	at jakarta.servlet.http.HttpServlet.service(HttpServlet.java:649) ~[tomcat-embed-core-11.0.18.jar:6.1]
	at org.springframework.web.servlet.FrameworkServlet.service(FrameworkServlet.java:874) ~[spring-webmvc-7.0.5.jar:7.0.5]
	at jakarta.servlet.http.HttpServlet.service(HttpServlet.java:710) ~[tomcat-embed-core-11.0.18.jar:6.1]
	at org.apache.catalina.core.ApplicationFilterChain.doFilter(ApplicationFilterChain.java:128) ~[tomcat-embed-core-11.0.18.jar:11.0.18]
	at org.apache.tomcat.websocket.server.WsFilter.doFilter(WsFilter.java:53) ~[tomcat-embed-websocket-11.0.18.jar:11.0.18]
	at org.apache.catalina.core.ApplicationFilterChain.doFilter(ApplicationFilterChain.java:107) ~[tomcat-embed-core-11.0.18.jar:11.0.18]
	at org.springframework.web.filter.CompositeFilter$VirtualFilterChain.doFilter(CompositeFilter.java:108) ~[spring-web-7.0.5.jar:7.0.5]
	at org.springframework.security.web.FilterChainProxy.lambda$doFilterInternal$3(FilterChainProxy.java:235) ~[spring-security-web-7.0.3.jar:7.0.3]
	at org.springframework.security.web.FilterChainProxy$VirtualFilterChain.doFilter(FilterChainProxy.java:371) ~[spring-security-web-7.0.3.jar:7.0.3]
	at org.springframework.security.web.access.intercept.AuthorizationFilter.doFilter(AuthorizationFilter.java:101) ~[spring-security-web-7.0.3.jar:7.0.3]
	at org.springframework.security.web.FilterChainProxy$VirtualFilterChain.doFilter(FilterChainProxy.java:380) ~[spring-security-web-7.0.3.jar:7.0.3]
	at org.springframework.security.web.access.ExceptionTranslationFilter.doFilter(ExceptionTranslationFilter.java:126) ~[spring-security-web-7.0.3.jar:7.0.3]
	at org.springframework.security.web.access.ExceptionTranslationFilter.doFilter(ExceptionTranslationFilter.java:120) ~[spring-security-web-7.0.3.jar:7.0.3]
	at org.springframework.security.web.FilterChainProxy$VirtualFilterChain.doFilter(FilterChainProxy.java:380) ~[spring-security-web-7.0.3.jar:7.0.3]
	at org.springframework.security.web.authentication.AnonymousAuthenticationFilter.doFilter(AnonymousAuthenticationFilter.java:100) ~[spring-security-web-7.0.3.jar:7.0.3]
	at org.springframework.security.web.FilterChainProxy$VirtualFilterChain.doFilter(FilterChainProxy.java:380) ~[spring-security-web-7.0.3.jar:7.0.3]
	at org.springframework.security.web.servletapi.SecurityContextHolderAwareRequestFilter.doFilter(SecurityContextHolderAwareRequestFilter.java:181) ~[spring-security-web-7.0.3.jar:7.0.3]
	at org.springframework.security.web.FilterChainProxy$VirtualFilterChain.doFilter(FilterChainProxy.java:380) ~[spring-security-web-7.0.3.jar:7.0.3]
	at org.springframework.security.web.savedrequest.RequestCacheAwareFilter.doFilter(RequestCacheAwareFilter.java:63) ~[spring-security-web-7.0.3.jar:7.0.3]
	at org.springframework.security.web.FilterChainProxy$VirtualFilterChain.doFilter(FilterChainProxy.java:380) ~[spring-security-web-7.0.3.jar:7.0.3]
	at org.springframework.security.web.authentication.logout.LogoutFilter.doFilter(LogoutFilter.java:110) ~[spring-security-web-7.0.3.jar:7.0.3]
	at org.springframework.security.web.authentication.logout.LogoutFilter.doFilter(LogoutFilter.java:96) ~[spring-security-web-7.0.3.jar:7.0.3]
	at org.springframework.security.web.FilterChainProxy$VirtualFilterChain.doFilter(FilterChainProxy.java:380) ~[spring-security-web-7.0.3.jar:7.0.3]
	at org.springframework.security.web.header.HeaderWriterFilter.doHeadersAfter(HeaderWriterFilter.java:90) ~[spring-security-web-7.0.3.jar:7.0.3]
	at org.springframework.security.web.header.HeaderWriterFilter.doFilterInternal(HeaderWriterFilter.java:75) ~[spring-security-web-7.0.3.jar:7.0.3]
	at org.springframework.web.filter.OncePerRequestFilter.doFilter(OncePerRequestFilter.java:116) ~[spring-web-7.0.5.jar:7.0.5]
	at org.springframework.security.web.FilterChainProxy$VirtualFilterChain.doFilter(FilterChainProxy.java:380) ~[spring-security-web-7.0.3.jar:7.0.3]
	at org.springframework.security.web.context.SecurityContextHolderFilter.doFilter(SecurityContextHolderFilter.java:82) ~[spring-security-web-7.0.3.jar:7.0.3]
	at org.springframework.security.web.context.SecurityContextHolderFilter.doFilter(SecurityContextHolderFilter.java:69) ~[spring-security-web-7.0.3.jar:7.0.3]
	at org.springframework.security.web.FilterChainProxy$VirtualFilterChain.doFilter(FilterChainProxy.java:380) ~[spring-security-web-7.0.3.jar:7.0.3]
	at org.springframework.security.web.context.request.async.WebAsyncManagerIntegrationFilter.doFilterInternal(WebAsyncManagerIntegrationFilter.java:62) ~[spring-security-web-7.0.3.jar:7.0.3]
	at org.springframework.web.filter.OncePerRequestFilter.doFilter(OncePerRequestFilter.java:116) ~[spring-web-7.0.5.jar:7.0.5]
	at org.springframework.security.web.FilterChainProxy$VirtualFilterChain.doFilter(FilterChainProxy.java:380) ~[spring-security-web-7.0.3.jar:7.0.3]
	at org.springframework.security.web.session.DisableEncodeUrlFilter.doFilterInternal(DisableEncodeUrlFilter.java:42) ~[spring-security-web-7.0.3.jar:7.0.3]
	at org.springframework.web.filter.OncePerRequestFilter.doFilter(OncePerRequestFilter.java:116) ~[spring-web-7.0.5.jar:7.0.5]
	at org.springframework.security.web.FilterChainProxy$VirtualFilterChain.doFilter(FilterChainProxy.java:380) ~[spring-security-web-7.0.3.jar:7.0.3]
	at org.springframework.security.web.FilterChainProxy.doFilterInternal(FilterChainProxy.java:237) ~[spring-security-web-7.0.3.jar:7.0.3]
	at org.springframework.security.web.FilterChainProxy.doFilter(FilterChainProxy.java:195) ~[spring-security-web-7.0.3.jar:7.0.3]
	at org.springframework.web.filter.CompositeFilter$VirtualFilterChain.doFilter(CompositeFilter.java:113) ~[spring-web-7.0.5.jar:7.0.5]
	at org.springframework.web.filter.ServletRequestPathFilter.doFilter(ServletRequestPathFilter.java:52) ~[spring-web-7.0.5.jar:7.0.5]
	at org.springframework.web.filter.CompositeFilter$VirtualFilterChain.doFilter(CompositeFilter.java:113) ~[spring-web-7.0.5.jar:7.0.5]
	at org.springframework.web.filter.CompositeFilter.doFilter(CompositeFilter.java:74) ~[spring-web-7.0.5.jar:7.0.5]
	at org.springframework.security.config.annotation.web.configuration.WebSecurityConfiguration$CompositeFilterChainProxy.doFilter(WebSecurityConfiguration.java:317) ~[spring-security-config-7.0.3.jar:7.0.3]
	at org.springframework.web.filter.DelegatingFilterProxy.invokeDelegate(DelegatingFilterProxy.java:355) ~[spring-web-7.0.5.jar:7.0.5]
	at org.springframework.web.filter.DelegatingFilterProxy.doFilter(DelegatingFilterProxy.java:272) ~[spring-web-7.0.5.jar:7.0.5]
	at org.apache.catalina.core.ApplicationFilterChain.doFilter(ApplicationFilterChain.java:107) ~[tomcat-embed-core-11.0.18.jar:11.0.18]
	at org.springframework.web.filter.RequestContextFilter.doFilterInternal(RequestContextFilter.java:100) ~[spring-web-7.0.5.jar:7.0.5]
	at org.springframework.web.filter.OncePerRequestFilter.doFilter(OncePerRequestFilter.java:116) ~[spring-web-7.0.5.jar:7.0.5]
	at org.apache.catalina.core.ApplicationFilterChain.doFilter(ApplicationFilterChain.java:107) ~[tomcat-embed-core-11.0.18.jar:11.0.18]
	at org.springframework.web.filter.FormContentFilter.doFilterInternal(FormContentFilter.java:93) ~[spring-web-7.0.5.jar:7.0.5]
	at org.springframework.web.filter.OncePerRequestFilter.doFilter(OncePerRequestFilter.java:116) ~[spring-web-7.0.5.jar:7.0.5]
	at org.apache.catalina.core.ApplicationFilterChain.doFilter(ApplicationFilterChain.java:107) ~[tomcat-embed-core-11.0.18.jar:11.0.18]
	at org.springframework.web.filter.CharacterEncodingFilter.doFilterInternal(CharacterEncodingFilter.java:199) ~[spring-web-7.0.5.jar:7.0.5]
	at org.springframework.web.filter.OncePerRequestFilter.doFilter(OncePerRequestFilter.java:116) ~[spring-web-7.0.5.jar:7.0.5]
	at org.apache.catalina.core.ApplicationFilterChain.doFilter(ApplicationFilterChain.java:107) ~[tomcat-embed-core-11.0.18.jar:11.0.18]
	at org.apache.catalina.core.StandardWrapperValve.invoke(StandardWrapperValve.java:165) ~[tomcat-embed-core-11.0.18.jar:11.0.18]
	at org.apache.catalina.core.StandardContextValve.invoke(StandardContextValve.java:77) ~[tomcat-embed-core-11.0.18.jar:11.0.18]
	at org.apache.catalina.authenticator.AuthenticatorBase.invoke(AuthenticatorBase.java:492) ~[tomcat-embed-core-11.0.18.jar:11.0.18]
	at org.apache.catalina.core.StandardHostValve.invoke(StandardHostValve.java:113) ~[tomcat-embed-core-11.0.18.jar:11.0.18]
	at org.apache.catalina.valves.ErrorReportValve.invoke(ErrorReportValve.java:83) ~[tomcat-embed-core-11.0.18.jar:11.0.18]
	at org.apache.catalina.core.StandardEngineValve.invoke(StandardEngineValve.java:72) ~[tomcat-embed-core-11.0.18.jar:11.0.18]
	at org.apache.catalina.connector.CoyoteAdapter.service(CoyoteAdapter.java:341) ~[tomcat-embed-core-11.0.18.jar:11.0.18]
	at org.apache.coyote.http11.Http11Processor.service(Http11Processor.java:397) ~[tomcat-embed-core-11.0.18.jar:11.0.18]
	at org.apache.coyote.AbstractProcessorLight.process(AbstractProcessorLight.java:63) ~[tomcat-embed-core-11.0.18.jar:11.0.18]
	at org.apache.coyote.AbstractProtocol$ConnectionHandler.process(AbstractProtocol.java:903) ~[tomcat-embed-core-11.0.18.jar:11.0.18]
	at org.apache.tomcat.util.net.NioEndpoint$SocketProcessor.doRun(NioEndpoint.java:1779) ~[tomcat-embed-core-11.0.18.jar:11.0.18]
	at org.apache.tomcat.util.net.SocketProcessorBase.run(SocketProcessorBase.java:52) ~[tomcat-embed-core-11.0.18.jar:11.0.18]
	at org.apache.tomcat.util.threads.ThreadPoolExecutor.runWorker(ThreadPoolExecutor.java:946) ~[tomcat-embed-core-11.0.18.jar:11.0.18]
	at org.apache.tomcat.util.threads.ThreadPoolExecutor$Worker.run(ThreadPoolExecutor.java:480) ~[tomcat-embed-core-11.0.18.jar:11.0.18]
	at org.apache.tomcat.util.threads.TaskThread$WrappingRunnable.run(TaskThread.java:57) ~[tomcat-embed-core-11.0.18.jar:11.0.18]
	at java.base/java.lang.Thread.run(Thread.java:1474) ~[na:na]

2026-03-24T10:29:53.585-06:00  INFO 22948 --- [back] [SpringApplicationShutdownHook] o.s.boot.tomcat.GracefulShutdown         : Commencing graceful shutdown. Waiting for active requests to complete
2026-03-24T10:29:53.594-06:00  INFO 22948 --- [back] [tomcat-shutdown] o.s.boot.tomcat.GracefulShutdown         : Graceful shutdown complete
2026-03-24T10:29:53.598-06:00  INFO 22948 --- [back] [SpringApplicationShutdownHook] j.LocalContainerEntityManagerFactoryBean : Closing JPA EntityManagerFactory for persistence unit 'default'
2026-03-24T10:29:53.602-06:00  INFO 22948 --- [back] [SpringApplicationShutdownHook] com.zaxxer.hikari.HikariDataSource       : HikariPool-1 - Shutdown initiated...
2026-03-24T10:29:53.613-06:00  INFO 22948 --- [back] [SpringApplicationShutdownHook] com.zaxxer.hikari.HikariDataSource       : HikariPool-1 - Shutdown completed.
2026-03-24T10:31:07.915-06:00  INFO 14844 --- [back] [main] com.pueblahealth.back.BackApplication    : Starting BackApplication using Java 25.0.2 with PID 14844 (C:\Users\dylan\Documents\seguridadProyecto\PUEBLAHealth-Tech\back\target\classes started by dylan in C:\Users\dylan\Documents\seguridadProyecto\PUEBLAHealth-Tech)
2026-03-24T10:31:07.923-06:00 DEBUG 14844 --- [back] [main] com.pueblahealth.back.BackApplication    : Running with Spring Boot v4.0.3, Spring v7.0.5
2026-03-24T10:31:07.926-06:00  INFO 14844 --- [back] [main] com.pueblahealth.back.BackApplication    : No active profile set, falling back to 1 default profile: "default"
2026-03-24T10:31:09.192-06:00  INFO 14844 --- [back] [main] .s.d.r.c.RepositoryConfigurationDelegate : Bootstrapping Spring Data JPA repositories in DEFAULT mode.
2026-03-24T10:31:09.303-06:00  INFO 14844 --- [back] [main] .s.d.r.c.RepositoryConfigurationDelegate : Finished Spring Data repository scanning in 98 ms. Found 3 JPA repository interfaces.
2026-03-24T10:31:10.173-06:00  INFO 14844 --- [back] [main] o.s.boot.tomcat.TomcatWebServer          : Tomcat initialized with port 8080 (http)
2026-03-24T10:31:10.188-06:00  INFO 14844 --- [back] [main] o.apache.catalina.core.StandardService   : Starting service [Tomcat]
2026-03-24T10:31:10.188-06:00  INFO 14844 --- [back] [main] o.apache.catalina.core.StandardEngine    : Starting Servlet engine: [Apache Tomcat/11.0.18]
2026-03-24T10:31:10.256-06:00  INFO 14844 --- [back] [main] b.w.c.s.WebApplicationContextInitializer : Root WebApplicationContext: initialization completed in 2216 ms
2026-03-24T10:31:10.591-06:00  INFO 14844 --- [back] [main] org.hibernate.orm.jpa                    : HHH008540: Processing PersistenceUnitInfo [name: default]
2026-03-24T10:31:10.678-06:00  INFO 14844 --- [back] [main] org.hibernate.orm.core                   : HHH000001: Hibernate ORM core version 7.2.4.Final
2026-03-24T10:31:11.423-06:00  INFO 14844 --- [back] [main] o.s.o.j.p.SpringPersistenceUnitInfo      : No LoadTimeWeaver setup: ignoring JPA class transformer
2026-03-24T10:31:11.480-06:00  INFO 14844 --- [back] [main] com.zaxxer.hikari.HikariDataSource       : HikariPool-1 - Starting...
2026-03-24T10:31:11.681-06:00  INFO 14844 --- [back] [main] com.zaxxer.hikari.pool.HikariPool        : HikariPool-1 - Added connection com.mysql.cj.jdbc.ConnectionImpl@41f90b10
2026-03-24T10:31:11.683-06:00  INFO 14844 --- [back] [main] com.zaxxer.hikari.HikariDataSource       : HikariPool-1 - Start completed.
2026-03-24T10:31:11.750-06:00  WARN 14844 --- [back] [main] org.hibernate.orm.core                   : HHH000511: The 5.5.5 version for [org.hibernate.dialect.MySQLDialect] is no longer supported, hence certain features may not work properly.The minimum supported version is 8.0.0. Check the community dialects project for available legacy versions.
2026-03-24T10:31:11.780-06:00  INFO 14844 --- [back] [main] org.hibernate.orm.connections.pooling    : HHH10001005: Database info:
	Database JDBC URL [jdbc:mysql://127.0.0.1:3306/pueblahealth]
	Database driver: MySQL Connector/J
	Database dialect: MySQLDialect
	Database version: 5.5.5
	Default catalog/schema: pueblahealth/undefined
	Autocommit mode: undefined/unknown
	Isolation level: REPEATABLE_READ [default REPEATABLE_READ]
	JDBC fetch size: none
	Pool: DataSourceConnectionProvider
	Minimum pool size: undefined/unknown
	Maximum pool size: undefined/unknown
2026-03-24T10:31:12.788-06:00  INFO 14844 --- [back] [main] org.hibernate.orm.core                   : HHH000489: No JTA platform available (set 'hibernate.transaction.jta.platform' to enable JTA platform integration)
2026-03-24T10:31:12.871-06:00  INFO 14844 --- [back] [main] j.LocalContainerEntityManagerFactoryBean : Initialized JPA EntityManagerFactory for persistence unit 'default'
2026-03-24T10:31:12.988-06:00  INFO 14844 --- [back] [main] o.s.d.j.r.query.QueryEnhancerFactories   : Hibernate is in classpath; If applicable, HQL parser will be used.
2026-03-24T10:31:13.367-06:00  WARN 14844 --- [back] [main] JpaBaseConfiguration$JpaWebConfiguration : spring.jpa.open-in-view is enabled by default. Therefore, database queries may be performed during view rendering. Explicitly configure spring.jpa.open-in-view to disable this warning
2026-03-24T10:31:13.499-06:00  WARN 14844 --- [back] [main] .s.a.UserDetailsServiceAutoConfiguration : 

Using generated security password: b2cfc9cc-5090-411d-856d-73312ce50510

This generated password is for development use only. Your security configuration must be updated before running your application in production.

2026-03-24T10:31:13.513-06:00  INFO 14844 --- [back] [main] r$InitializeUserDetailsManagerConfigurer : Global AuthenticationManager configured with UserDetailsService bean with name inMemoryUserDetailsManager
2026-03-24T10:31:14.204-06:00  INFO 14844 --- [back] [main] o.s.boot.tomcat.TomcatWebServer          : Tomcat started on port 8080 (http) with context path '/'
2026-03-24T10:31:14.213-06:00  INFO 14844 --- [back] [main] com.pueblahealth.back.BackApplication    : Started BackApplication in 7.199 seconds (process running for 8.109)
2026-03-24T10:31:19.830-06:00  INFO 14844 --- [back] [http-nio-8080-exec-8] o.a.c.c.C.[Tomcat].[localhost].[/]       : Initializing Spring DispatcherServlet 'dispatcherServlet'
2026-03-24T10:31:19.830-06:00  INFO 14844 --- [back] [http-nio-8080-exec-8] o.s.web.servlet.DispatcherServlet        : Initializing Servlet 'dispatcherServlet'
2026-03-24T10:31:19.832-06:00  INFO 14844 --- [back] [http-nio-8080-exec-8] o.s.web.servlet.DispatcherServlet        : Completed initialization in 1 ms
2026-03-24T10:31:19.977-06:00 ERROR 14844 --- [back] [http-nio-8080-exec-8] c.pueblahealth.back.service.AuthService  : [CRITICAL] Error al descifrar email

javax.crypto.IllegalBlockSizeException: Input length must be multiple of 16 when decrypting with padded cipher
	at java.base/com.sun.crypto.provider.CipherCore.prepareInputBuffer(CipherCore.java:890) ~[na:na]
	at java.base/com.sun.crypto.provider.CipherCore.doFinal(CipherCore.java:729) ~[na:na]
	at java.base/com.sun.crypto.provider.AESCipher.engineDoFinal(AESCipher.java:446) ~[na:na]
	at java.base/javax.crypto.Cipher.doFinal(Cipher.java:2260) ~[na:na]
	at com.pueblahealth.back.utils.AesUtil.decrypt(AesUtil.java:55) ~[classes/:na]
	at com.pueblahealth.back.service.AuthService.login(AuthService.java:124) ~[classes/:na]
	at java.base/jdk.internal.reflect.DirectMethodHandleAccessor.invoke(DirectMethodHandleAccessor.java:104) ~[na:na]
	at java.base/java.lang.reflect.Method.invoke(Method.java:565) ~[na:na]
	at org.springframework.aop.support.AopUtils.invokeJoinpointUsingReflection(AopUtils.java:359) ~[spring-aop-7.0.5.jar:7.0.5]
	at org.springframework.aop.framework.ReflectiveMethodInvocation.invokeJoinpoint(ReflectiveMethodInvocation.java:190) ~[spring-aop-7.0.5.jar:7.0.5]
	at org.springframework.aop.framework.ReflectiveMethodInvocation.proceed(ReflectiveMethodInvocation.java:158) ~[spring-aop-7.0.5.jar:7.0.5]
	at org.springframework.transaction.interceptor.TransactionInterceptor$1.proceedWithInvocation(TransactionInterceptor.java:133) ~[spring-tx-7.0.5.jar:7.0.5]
	at org.springframework.transaction.interceptor.TransactionAspectSupport.invokeWithinTransaction(TransactionAspectSupport.java:371) ~[spring-tx-7.0.5.jar:7.0.5]
	at org.springframework.transaction.interceptor.TransactionInterceptor.invoke(TransactionInterceptor.java:130) ~[spring-tx-7.0.5.jar:7.0.5]
	at org.springframework.aop.framework.ReflectiveMethodInvocation.proceed(ReflectiveMethodInvocation.java:179) ~[spring-aop-7.0.5.jar:7.0.5]
	at org.springframework.aop.framework.CglibAopProxy$DynamicAdvisedInterceptor.intercept(CglibAopProxy.java:719) ~[spring-aop-7.0.5.jar:7.0.5]
	at com.pueblahealth.back.service.AuthService$$SpringCGLIB$$0.login(<generated>) ~[classes/:na]
	at com.pueblahealth.back.controller.AuthController.login(AuthController.java:30) ~[classes/:na]
	at java.base/jdk.internal.reflect.DirectMethodHandleAccessor.invoke(DirectMethodHandleAccessor.java:104) ~[na:na]
	at java.base/java.lang.reflect.Method.invoke(Method.java:565) ~[na:na]
	at org.springframework.web.method.support.InvocableHandlerMethod.doInvoke(InvocableHandlerMethod.java:252) ~[spring-web-7.0.5.jar:7.0.5]
	at org.springframework.web.method.support.InvocableHandlerMethod.invokeForRequest(InvocableHandlerMethod.java:184) ~[spring-web-7.0.5.jar:7.0.5]
	at org.springframework.web.servlet.mvc.method.annotation.ServletInvocableHandlerMethod.invokeAndHandle(ServletInvocableHandlerMethod.java:117) ~[spring-webmvc-7.0.5.jar:7.0.5]
	at org.springframework.web.servlet.mvc.method.annotation.RequestMappingHandlerAdapter.invokeHandlerMethod(RequestMappingHandlerAdapter.java:934) ~[spring-webmvc-7.0.5.jar:7.0.5]
	at org.springframework.web.servlet.mvc.method.annotation.RequestMappingHandlerAdapter.handleInternal(RequestMappingHandlerAdapter.java:853) ~[spring-webmvc-7.0.5.jar:7.0.5]
	at org.springframework.web.servlet.mvc.method.AbstractHandlerMethodAdapter.handle(AbstractHandlerMethodAdapter.java:86) ~[spring-webmvc-7.0.5.jar:7.0.5]
	at org.springframework.web.servlet.DispatcherServlet.doDispatch(DispatcherServlet.java:963) ~[spring-webmvc-7.0.5.jar:7.0.5]
	at org.springframework.web.servlet.DispatcherServlet.doService(DispatcherServlet.java:866) ~[spring-webmvc-7.0.5.jar:7.0.5]
	at org.springframework.web.servlet.FrameworkServlet.processRequest(FrameworkServlet.java:1000) ~[spring-webmvc-7.0.5.jar:7.0.5]
	at org.springframework.web.servlet.FrameworkServlet.doPost(FrameworkServlet.java:903) ~[spring-webmvc-7.0.5.jar:7.0.5]
	at jakarta.servlet.http.HttpServlet.service(HttpServlet.java:649) ~[tomcat-embed-core-11.0.18.jar:6.1]
	at org.springframework.web.servlet.FrameworkServlet.service(FrameworkServlet.java:874) ~[spring-webmvc-7.0.5.jar:7.0.5]
	at jakarta.servlet.http.HttpServlet.service(HttpServlet.java:710) ~[tomcat-embed-core-11.0.18.jar:6.1]
	at org.apache.catalina.core.ApplicationFilterChain.doFilter(ApplicationFilterChain.java:128) ~[tomcat-embed-core-11.0.18.jar:11.0.18]
	at org.apache.tomcat.websocket.server.WsFilter.doFilter(WsFilter.java:53) ~[tomcat-embed-websocket-11.0.18.jar:11.0.18]
	at org.apache.catalina.core.ApplicationFilterChain.doFilter(ApplicationFilterChain.java:107) ~[tomcat-embed-core-11.0.18.jar:11.0.18]
	at org.springframework.web.filter.CompositeFilter$VirtualFilterChain.doFilter(CompositeFilter.java:108) ~[spring-web-7.0.5.jar:7.0.5]
	at org.springframework.security.web.FilterChainProxy.lambda$doFilterInternal$3(FilterChainProxy.java:235) ~[spring-security-web-7.0.3.jar:7.0.3]
	at org.springframework.security.web.FilterChainProxy$VirtualFilterChain.doFilter(FilterChainProxy.java:371) ~[spring-security-web-7.0.3.jar:7.0.3]
	at org.springframework.security.web.access.intercept.AuthorizationFilter.doFilter(AuthorizationFilter.java:101) ~[spring-security-web-7.0.3.jar:7.0.3]
	at org.springframework.security.web.FilterChainProxy$VirtualFilterChain.doFilter(FilterChainProxy.java:380) ~[spring-security-web-7.0.3.jar:7.0.3]
	at org.springframework.security.web.access.ExceptionTranslationFilter.doFilter(ExceptionTranslationFilter.java:126) ~[spring-security-web-7.0.3.jar:7.0.3]
	at org.springframework.security.web.access.ExceptionTranslationFilter.doFilter(ExceptionTranslationFilter.java:120) ~[spring-security-web-7.0.3.jar:7.0.3]
	at org.springframework.security.web.FilterChainProxy$VirtualFilterChain.doFilter(FilterChainProxy.java:380) ~[spring-security-web-7.0.3.jar:7.0.3]
	at org.springframework.security.web.authentication.AnonymousAuthenticationFilter.doFilter(AnonymousAuthenticationFilter.java:100) ~[spring-security-web-7.0.3.jar:7.0.3]
	at org.springframework.security.web.FilterChainProxy$VirtualFilterChain.doFilter(FilterChainProxy.java:380) ~[spring-security-web-7.0.3.jar:7.0.3]
	at org.springframework.security.web.servletapi.SecurityContextHolderAwareRequestFilter.doFilter(SecurityContextHolderAwareRequestFilter.java:181) ~[spring-security-web-7.0.3.jar:7.0.3]
	at org.springframework.security.web.FilterChainProxy$VirtualFilterChain.doFilter(FilterChainProxy.java:380) ~[spring-security-web-7.0.3.jar:7.0.3]
	at org.springframework.security.web.savedrequest.RequestCacheAwareFilter.doFilter(RequestCacheAwareFilter.java:63) ~[spring-security-web-7.0.3.jar:7.0.3]
	at org.springframework.security.web.FilterChainProxy$VirtualFilterChain.doFilter(FilterChainProxy.java:380) ~[spring-security-web-7.0.3.jar:7.0.3]
	at org.springframework.security.web.authentication.logout.LogoutFilter.doFilter(LogoutFilter.java:110) ~[spring-security-web-7.0.3.jar:7.0.3]
	at org.springframework.security.web.authentication.logout.LogoutFilter.doFilter(LogoutFilter.java:96) ~[spring-security-web-7.0.3.jar:7.0.3]
	at org.springframework.security.web.FilterChainProxy$VirtualFilterChain.doFilter(FilterChainProxy.java:380) ~[spring-security-web-7.0.3.jar:7.0.3]
	at org.springframework.security.web.header.HeaderWriterFilter.doHeadersAfter(HeaderWriterFilter.java:90) ~[spring-security-web-7.0.3.jar:7.0.3]
	at org.springframework.security.web.header.HeaderWriterFilter.doFilterInternal(HeaderWriterFilter.java:75) ~[spring-security-web-7.0.3.jar:7.0.3]
	at org.springframework.web.filter.OncePerRequestFilter.doFilter(OncePerRequestFilter.java:116) ~[spring-web-7.0.5.jar:7.0.5]
	at org.springframework.security.web.FilterChainProxy$VirtualFilterChain.doFilter(FilterChainProxy.java:380) ~[spring-security-web-7.0.3.jar:7.0.3]
	at org.springframework.security.web.context.SecurityContextHolderFilter.doFilter(SecurityContextHolderFilter.java:82) ~[spring-security-web-7.0.3.jar:7.0.3]
	at org.springframework.security.web.context.SecurityContextHolderFilter.doFilter(SecurityContextHolderFilter.java:69) ~[spring-security-web-7.0.3.jar:7.0.3]
	at org.springframework.security.web.FilterChainProxy$VirtualFilterChain.doFilter(FilterChainProxy.java:380) ~[spring-security-web-7.0.3.jar:7.0.3]
	at org.springframework.security.web.context.request.async.WebAsyncManagerIntegrationFilter.doFilterInternal(WebAsyncManagerIntegrationFilter.java:62) ~[spring-security-web-7.0.3.jar:7.0.3]
	at org.springframework.web.filter.OncePerRequestFilter.doFilter(OncePerRequestFilter.java:116) ~[spring-web-7.0.5.jar:7.0.5]
	at org.springframework.security.web.FilterChainProxy$VirtualFilterChain.doFilter(FilterChainProxy.java:380) ~[spring-security-web-7.0.3.jar:7.0.3]
	at org.springframework.security.web.session.DisableEncodeUrlFilter.doFilterInternal(DisableEncodeUrlFilter.java:42) ~[spring-security-web-7.0.3.jar:7.0.3]
	at org.springframework.web.filter.OncePerRequestFilter.doFilter(OncePerRequestFilter.java:116) ~[spring-web-7.0.5.jar:7.0.5]
	at org.springframework.security.web.FilterChainProxy$VirtualFilterChain.doFilter(FilterChainProxy.java:380) ~[spring-security-web-7.0.3.jar:7.0.3]
	at org.springframework.security.web.FilterChainProxy.doFilterInternal(FilterChainProxy.java:237) ~[spring-security-web-7.0.3.jar:7.0.3]
	at org.springframework.security.web.FilterChainProxy.doFilter(FilterChainProxy.java:195) ~[spring-security-web-7.0.3.jar:7.0.3]
	at org.springframework.web.filter.CompositeFilter$VirtualFilterChain.doFilter(CompositeFilter.java:113) ~[spring-web-7.0.5.jar:7.0.5]
	at org.springframework.web.filter.ServletRequestPathFilter.doFilter(ServletRequestPathFilter.java:52) ~[spring-web-7.0.5.jar:7.0.5]
	at org.springframework.web.filter.CompositeFilter$VirtualFilterChain.doFilter(CompositeFilter.java:113) ~[spring-web-7.0.5.jar:7.0.5]
	at org.springframework.web.filter.CompositeFilter.doFilter(CompositeFilter.java:74) ~[spring-web-7.0.5.jar:7.0.5]
	at org.springframework.security.config.annotation.web.configuration.WebSecurityConfiguration$CompositeFilterChainProxy.doFilter(WebSecurityConfiguration.java:317) ~[spring-security-config-7.0.3.jar:7.0.3]
	at org.springframework.web.filter.DelegatingFilterProxy.invokeDelegate(DelegatingFilterProxy.java:355) ~[spring-web-7.0.5.jar:7.0.5]
	at org.springframework.web.filter.DelegatingFilterProxy.doFilter(DelegatingFilterProxy.java:272) ~[spring-web-7.0.5.jar:7.0.5]
	at org.apache.catalina.core.ApplicationFilterChain.doFilter(ApplicationFilterChain.java:107) ~[tomcat-embed-core-11.0.18.jar:11.0.18]
	at org.springframework.web.filter.RequestContextFilter.doFilterInternal(RequestContextFilter.java:100) ~[spring-web-7.0.5.jar:7.0.5]
	at org.springframework.web.filter.OncePerRequestFilter.doFilter(OncePerRequestFilter.java:116) ~[spring-web-7.0.5.jar:7.0.5]
	at org.apache.catalina.core.ApplicationFilterChain.doFilter(ApplicationFilterChain.java:107) ~[tomcat-embed-core-11.0.18.jar:11.0.18]
	at org.springframework.web.filter.FormContentFilter.doFilterInternal(FormContentFilter.java:93) ~[spring-web-7.0.5.jar:7.0.5]
	at org.springframework.web.filter.OncePerRequestFilter.doFilter(OncePerRequestFilter.java:116) ~[spring-web-7.0.5.jar:7.0.5]
	at org.apache.catalina.core.ApplicationFilterChain.doFilter(ApplicationFilterChain.java:107) ~[tomcat-embed-core-11.0.18.jar:11.0.18]
	at org.springframework.web.filter.CharacterEncodingFilter.doFilterInternal(CharacterEncodingFilter.java:199) ~[spring-web-7.0.5.jar:7.0.5]
	at org.springframework.web.filter.OncePerRequestFilter.doFilter(OncePerRequestFilter.java:116) ~[spring-web-7.0.5.jar:7.0.5]
	at org.apache.catalina.core.ApplicationFilterChain.doFilter(ApplicationFilterChain.java:107) ~[tomcat-embed-core-11.0.18.jar:11.0.18]
	at org.apache.catalina.core.StandardWrapperValve.invoke(StandardWrapperValve.java:165) ~[tomcat-embed-core-11.0.18.jar:11.0.18]
	at org.apache.catalina.core.StandardContextValve.invoke(StandardContextValve.java:77) ~[tomcat-embed-core-11.0.18.jar:11.0.18]
	at org.apache.catalina.authenticator.AuthenticatorBase.invoke(AuthenticatorBase.java:492) ~[tomcat-embed-core-11.0.18.jar:11.0.18]
	at org.apache.catalina.core.StandardHostValve.invoke(StandardHostValve.java:113) ~[tomcat-embed-core-11.0.18.jar:11.0.18]
	at org.apache.catalina.valves.ErrorReportValve.invoke(ErrorReportValve.java:83) ~[tomcat-embed-core-11.0.18.jar:11.0.18]
	at org.apache.catalina.core.StandardEngineValve.invoke(StandardEngineValve.java:72) ~[tomcat-embed-core-11.0.18.jar:11.0.18]
	at org.apache.catalina.connector.CoyoteAdapter.service(CoyoteAdapter.java:341) ~[tomcat-embed-core-11.0.18.jar:11.0.18]
	at org.apache.coyote.http11.Http11Processor.service(Http11Processor.java:397) ~[tomcat-embed-core-11.0.18.jar:11.0.18]
	at org.apache.coyote.AbstractProcessorLight.process(AbstractProcessorLight.java:63) ~[tomcat-embed-core-11.0.18.jar:11.0.18]
	at org.apache.coyote.AbstractProtocol$ConnectionHandler.process(AbstractProtocol.java:903) ~[tomcat-embed-core-11.0.18.jar:11.0.18]
	at org.apache.tomcat.util.net.NioEndpoint$SocketProcessor.doRun(NioEndpoint.java:1779) ~[tomcat-embed-core-11.0.18.jar:11.0.18]
	at org.apache.tomcat.util.net.SocketProcessorBase.run(SocketProcessorBase.java:52) ~[tomcat-embed-core-11.0.18.jar:11.0.18]
	at org.apache.tomcat.util.threads.ThreadPoolExecutor.runWorker(ThreadPoolExecutor.java:946) ~[tomcat-embed-core-11.0.18.jar:11.0.18]
	at org.apache.tomcat.util.threads.ThreadPoolExecutor$Worker.run(ThreadPoolExecutor.java:480) ~[tomcat-embed-core-11.0.18.jar:11.0.18]
	at org.apache.tomcat.util.threads.TaskThread$WrappingRunnable.run(TaskThread.java:57) ~[tomcat-embed-core-11.0.18.jar:11.0.18]
	at java.base/java.lang.Thread.run(Thread.java:1474) ~[na:na]

2026-03-24T10:31:19.991-06:00 ERROR 14844 --- [back] [http-nio-8080-exec-8] o.a.c.c.C.[.[.[/].[dispatcherServlet]    : Servlet.service() for servlet [dispatcherServlet] in context with path [] threw exception [Request processing failed: java.lang.RuntimeException: Error de seguridad en la solicitud] with root cause

java.lang.RuntimeException: Error de seguridad en la solicitud
	at com.pueblahealth.back.service.AuthService.login(AuthService.java:128) ~[classes/:na]
	at java.base/jdk.internal.reflect.DirectMethodHandleAccessor.invoke(DirectMethodHandleAccessor.java:104) ~[na:na]
	at java.base/java.lang.reflect.Method.invoke(Method.java:565) ~[na:na]
	at org.springframework.aop.support.AopUtils.invokeJoinpointUsingReflection(AopUtils.java:359) ~[spring-aop-7.0.5.jar:7.0.5]
	at org.springframework.aop.framework.ReflectiveMethodInvocation.invokeJoinpoint(ReflectiveMethodInvocation.java:190) ~[spring-aop-7.0.5.jar:7.0.5]
	at org.springframework.aop.framework.ReflectiveMethodInvocation.proceed(ReflectiveMethodInvocation.java:158) ~[spring-aop-7.0.5.jar:7.0.5]
	at org.springframework.transaction.interceptor.TransactionInterceptor$1.proceedWithInvocation(TransactionInterceptor.java:133) ~[spring-tx-7.0.5.jar:7.0.5]
	at org.springframework.transaction.interceptor.TransactionAspectSupport.invokeWithinTransaction(TransactionAspectSupport.java:371) ~[spring-tx-7.0.5.jar:7.0.5]
	at org.springframework.transaction.interceptor.TransactionInterceptor.invoke(TransactionInterceptor.java:130) ~[spring-tx-7.0.5.jar:7.0.5]
	at org.springframework.aop.framework.ReflectiveMethodInvocation.proceed(ReflectiveMethodInvocation.java:179) ~[spring-aop-7.0.5.jar:7.0.5]
	at org.springframework.aop.framework.CglibAopProxy$DynamicAdvisedInterceptor.intercept(CglibAopProxy.java:719) ~[spring-aop-7.0.5.jar:7.0.5]
	at com.pueblahealth.back.service.AuthService$$SpringCGLIB$$0.login(<generated>) ~[classes/:na]
	at com.pueblahealth.back.controller.AuthController.login(AuthController.java:30) ~[classes/:na]
	at java.base/jdk.internal.reflect.DirectMethodHandleAccessor.invoke(DirectMethodHandleAccessor.java:104) ~[na:na]
	at java.base/java.lang.reflect.Method.invoke(Method.java:565) ~[na:na]
	at org.springframework.web.method.support.InvocableHandlerMethod.doInvoke(InvocableHandlerMethod.java:252) ~[spring-web-7.0.5.jar:7.0.5]
	at org.springframework.web.method.support.InvocableHandlerMethod.invokeForRequest(InvocableHandlerMethod.java:184) ~[spring-web-7.0.5.jar:7.0.5]
	at org.springframework.web.servlet.mvc.method.annotation.ServletInvocableHandlerMethod.invokeAndHandle(ServletInvocableHandlerMethod.java:117) ~[spring-webmvc-7.0.5.jar:7.0.5]
	at org.springframework.web.servlet.mvc.method.annotation.RequestMappingHandlerAdapter.invokeHandlerMethod(RequestMappingHandlerAdapter.java:934) ~[spring-webmvc-7.0.5.jar:7.0.5]
	at org.springframework.web.servlet.mvc.method.annotation.RequestMappingHandlerAdapter.handleInternal(RequestMappingHandlerAdapter.java:853) ~[spring-webmvc-7.0.5.jar:7.0.5]
	at org.springframework.web.servlet.mvc.method.AbstractHandlerMethodAdapter.handle(AbstractHandlerMethodAdapter.java:86) ~[spring-webmvc-7.0.5.jar:7.0.5]
	at org.springframework.web.servlet.DispatcherServlet.doDispatch(DispatcherServlet.java:963) ~[spring-webmvc-7.0.5.jar:7.0.5]
	at org.springframework.web.servlet.DispatcherServlet.doService(DispatcherServlet.java:866) ~[spring-webmvc-7.0.5.jar:7.0.5]
	at org.springframework.web.servlet.FrameworkServlet.processRequest(FrameworkServlet.java:1000) ~[spring-webmvc-7.0.5.jar:7.0.5]
	at org.springframework.web.servlet.FrameworkServlet.doPost(FrameworkServlet.java:903) ~[spring-webmvc-7.0.5.jar:7.0.5]
	at jakarta.servlet.http.HttpServlet.service(HttpServlet.java:649) ~[tomcat-embed-core-11.0.18.jar:6.1]
	at org.springframework.web.servlet.FrameworkServlet.service(FrameworkServlet.java:874) ~[spring-webmvc-7.0.5.jar:7.0.5]
	at jakarta.servlet.http.HttpServlet.service(HttpServlet.java:710) ~[tomcat-embed-core-11.0.18.jar:6.1]
	at org.apache.catalina.core.ApplicationFilterChain.doFilter(ApplicationFilterChain.java:128) ~[tomcat-embed-core-11.0.18.jar:11.0.18]
	at org.apache.tomcat.websocket.server.WsFilter.doFilter(WsFilter.java:53) ~[tomcat-embed-websocket-11.0.18.jar:11.0.18]
	at org.apache.catalina.core.ApplicationFilterChain.doFilter(ApplicationFilterChain.java:107) ~[tomcat-embed-core-11.0.18.jar:11.0.18]
	at org.springframework.web.filter.CompositeFilter$VirtualFilterChain.doFilter(CompositeFilter.java:108) ~[spring-web-7.0.5.jar:7.0.5]
	at org.springframework.security.web.FilterChainProxy.lambda$doFilterInternal$3(FilterChainProxy.java:235) ~[spring-security-web-7.0.3.jar:7.0.3]
	at org.springframework.security.web.FilterChainProxy$VirtualFilterChain.doFilter(FilterChainProxy.java:371) ~[spring-security-web-7.0.3.jar:7.0.3]
	at org.springframework.security.web.access.intercept.AuthorizationFilter.doFilter(AuthorizationFilter.java:101) ~[spring-security-web-7.0.3.jar:7.0.3]
	at org.springframework.security.web.FilterChainProxy$VirtualFilterChain.doFilter(FilterChainProxy.java:380) ~[spring-security-web-7.0.3.jar:7.0.3]
	at org.springframework.security.web.access.ExceptionTranslationFilter.doFilter(ExceptionTranslationFilter.java:126) ~[spring-security-web-7.0.3.jar:7.0.3]
	at org.springframework.security.web.access.ExceptionTranslationFilter.doFilter(ExceptionTranslationFilter.java:120) ~[spring-security-web-7.0.3.jar:7.0.3]
	at org.springframework.security.web.FilterChainProxy$VirtualFilterChain.doFilter(FilterChainProxy.java:380) ~[spring-security-web-7.0.3.jar:7.0.3]
	at org.springframework.security.web.authentication.AnonymousAuthenticationFilter.doFilter(AnonymousAuthenticationFilter.java:100) ~[spring-security-web-7.0.3.jar:7.0.3]
	at org.springframework.security.web.FilterChainProxy$VirtualFilterChain.doFilter(FilterChainProxy.java:380) ~[spring-security-web-7.0.3.jar:7.0.3]
	at org.springframework.security.web.servletapi.SecurityContextHolderAwareRequestFilter.doFilter(SecurityContextHolderAwareRequestFilter.java:181) ~[spring-security-web-7.0.3.jar:7.0.3]
	at org.springframework.security.web.FilterChainProxy$VirtualFilterChain.doFilter(FilterChainProxy.java:380) ~[spring-security-web-7.0.3.jar:7.0.3]
	at org.springframework.security.web.savedrequest.RequestCacheAwareFilter.doFilter(RequestCacheAwareFilter.java:63) ~[spring-security-web-7.0.3.jar:7.0.3]
	at org.springframework.security.web.FilterChainProxy$VirtualFilterChain.doFilter(FilterChainProxy.java:380) ~[spring-security-web-7.0.3.jar:7.0.3]
	at org.springframework.security.web.authentication.logout.LogoutFilter.doFilter(LogoutFilter.java:110) ~[spring-security-web-7.0.3.jar:7.0.3]
	at org.springframework.security.web.authentication.logout.LogoutFilter.doFilter(LogoutFilter.java:96) ~[spring-security-web-7.0.3.jar:7.0.3]
	at org.springframework.security.web.FilterChainProxy$VirtualFilterChain.doFilter(FilterChainProxy.java:380) ~[spring-security-web-7.0.3.jar:7.0.3]
	at org.springframework.security.web.header.HeaderWriterFilter.doHeadersAfter(HeaderWriterFilter.java:90) ~[spring-security-web-7.0.3.jar:7.0.3]
	at org.springframework.security.web.header.HeaderWriterFilter.doFilterInternal(HeaderWriterFilter.java:75) ~[spring-security-web-7.0.3.jar:7.0.3]
	at org.springframework.web.filter.OncePerRequestFilter.doFilter(OncePerRequestFilter.java:116) ~[spring-web-7.0.5.jar:7.0.5]
	at org.springframework.security.web.FilterChainProxy$VirtualFilterChain.doFilter(FilterChainProxy.java:380) ~[spring-security-web-7.0.3.jar:7.0.3]
	at org.springframework.security.web.context.SecurityContextHolderFilter.doFilter(SecurityContextHolderFilter.java:82) ~[spring-security-web-7.0.3.jar:7.0.3]
	at org.springframework.security.web.context.SecurityContextHolderFilter.doFilter(SecurityContextHolderFilter.java:69) ~[spring-security-web-7.0.3.jar:7.0.3]
	at org.springframework.security.web.FilterChainProxy$VirtualFilterChain.doFilter(FilterChainProxy.java:380) ~[spring-security-web-7.0.3.jar:7.0.3]
	at org.springframework.security.web.context.request.async.WebAsyncManagerIntegrationFilter.doFilterInternal(WebAsyncManagerIntegrationFilter.java:62) ~[spring-security-web-7.0.3.jar:7.0.3]
	at org.springframework.web.filter.OncePerRequestFilter.doFilter(OncePerRequestFilter.java:116) ~[spring-web-7.0.5.jar:7.0.5]
	at org.springframework.security.web.FilterChainProxy$VirtualFilterChain.doFilter(FilterChainProxy.java:380) ~[spring-security-web-7.0.3.jar:7.0.3]
	at org.springframework.security.web.session.DisableEncodeUrlFilter.doFilterInternal(DisableEncodeUrlFilter.java:42) ~[spring-security-web-7.0.3.jar:7.0.3]
	at org.springframework.web.filter.OncePerRequestFilter.doFilter(OncePerRequestFilter.java:116) ~[spring-web-7.0.5.jar:7.0.5]
	at org.springframework.security.web.FilterChainProxy$VirtualFilterChain.doFilter(FilterChainProxy.java:380) ~[spring-security-web-7.0.3.jar:7.0.3]
	at org.springframework.security.web.FilterChainProxy.doFilterInternal(FilterChainProxy.java:237) ~[spring-security-web-7.0.3.jar:7.0.3]
	at org.springframework.security.web.FilterChainProxy.doFilter(FilterChainProxy.java:195) ~[spring-security-web-7.0.3.jar:7.0.3]
	at org.springframework.web.filter.CompositeFilter$VirtualFilterChain.doFilter(CompositeFilter.java:113) ~[spring-web-7.0.5.jar:7.0.5]
	at org.springframework.web.filter.ServletRequestPathFilter.doFilter(ServletRequestPathFilter.java:52) ~[spring-web-7.0.5.jar:7.0.5]
	at org.springframework.web.filter.CompositeFilter$VirtualFilterChain.doFilter(CompositeFilter.java:113) ~[spring-web-7.0.5.jar:7.0.5]
	at org.springframework.web.filter.CompositeFilter.doFilter(CompositeFilter.java:74) ~[spring-web-7.0.5.jar:7.0.5]
	at org.springframework.security.config.annotation.web.configuration.WebSecurityConfiguration$CompositeFilterChainProxy.doFilter(WebSecurityConfiguration.java:317) ~[spring-security-config-7.0.3.jar:7.0.3]
	at org.springframework.web.filter.DelegatingFilterProxy.invokeDelegate(DelegatingFilterProxy.java:355) ~[spring-web-7.0.5.jar:7.0.5]
	at org.springframework.web.filter.DelegatingFilterProxy.doFilter(DelegatingFilterProxy.java:272) ~[spring-web-7.0.5.jar:7.0.5]
	at org.apache.catalina.core.ApplicationFilterChain.doFilter(ApplicationFilterChain.java:107) ~[tomcat-embed-core-11.0.18.jar:11.0.18]
	at org.springframework.web.filter.RequestContextFilter.doFilterInternal(RequestContextFilter.java:100) ~[spring-web-7.0.5.jar:7.0.5]
	at org.springframework.web.filter.OncePerRequestFilter.doFilter(OncePerRequestFilter.java:116) ~[spring-web-7.0.5.jar:7.0.5]
	at org.apache.catalina.core.ApplicationFilterChain.doFilter(ApplicationFilterChain.java:107) ~[tomcat-embed-core-11.0.18.jar:11.0.18]
	at org.springframework.web.filter.FormContentFilter.doFilterInternal(FormContentFilter.java:93) ~[spring-web-7.0.5.jar:7.0.5]
	at org.springframework.web.filter.OncePerRequestFilter.doFilter(OncePerRequestFilter.java:116) ~[spring-web-7.0.5.jar:7.0.5]
	at org.apache.catalina.core.ApplicationFilterChain.doFilter(ApplicationFilterChain.java:107) ~[tomcat-embed-core-11.0.18.jar:11.0.18]
	at org.springframework.web.filter.CharacterEncodingFilter.doFilterInternal(CharacterEncodingFilter.java:199) ~[spring-web-7.0.5.jar:7.0.5]
	at org.springframework.web.filter.OncePerRequestFilter.doFilter(OncePerRequestFilter.java:116) ~[spring-web-7.0.5.jar:7.0.5]
	at org.apache.catalina.core.ApplicationFilterChain.doFilter(ApplicationFilterChain.java:107) ~[tomcat-embed-core-11.0.18.jar:11.0.18]
	at org.apache.catalina.core.StandardWrapperValve.invoke(StandardWrapperValve.java:165) ~[tomcat-embed-core-11.0.18.jar:11.0.18]
	at org.apache.catalina.core.StandardContextValve.invoke(StandardContextValve.java:77) ~[tomcat-embed-core-11.0.18.jar:11.0.18]
	at org.apache.catalina.authenticator.AuthenticatorBase.invoke(AuthenticatorBase.java:492) ~[tomcat-embed-core-11.0.18.jar:11.0.18]
	at org.apache.catalina.core.StandardHostValve.invoke(StandardHostValve.java:113) ~[tomcat-embed-core-11.0.18.jar:11.0.18]
	at org.apache.catalina.valves.ErrorReportValve.invoke(ErrorReportValve.java:83) ~[tomcat-embed-core-11.0.18.jar:11.0.18]
	at org.apache.catalina.core.StandardEngineValve.invoke(StandardEngineValve.java:72) ~[tomcat-embed-core-11.0.18.jar:11.0.18]
	at org.apache.catalina.connector.CoyoteAdapter.service(CoyoteAdapter.java:341) ~[tomcat-embed-core-11.0.18.jar:11.0.18]
	at org.apache.coyote.http11.Http11Processor.service(Http11Processor.java:397) ~[tomcat-embed-core-11.0.18.jar:11.0.18]
	at org.apache.coyote.AbstractProcessorLight.process(AbstractProcessorLight.java:63) ~[tomcat-embed-core-11.0.18.jar:11.0.18]
	at org.apache.coyote.AbstractProtocol$ConnectionHandler.process(AbstractProtocol.java:903) ~[tomcat-embed-core-11.0.18.jar:11.0.18]
	at org.apache.tomcat.util.net.NioEndpoint$SocketProcessor.doRun(NioEndpoint.java:1779) ~[tomcat-embed-core-11.0.18.jar:11.0.18]
	at org.apache.tomcat.util.net.SocketProcessorBase.run(SocketProcessorBase.java:52) ~[tomcat-embed-core-11.0.18.jar:11.0.18]
	at org.apache.tomcat.util.threads.ThreadPoolExecutor.runWorker(ThreadPoolExecutor.java:946) ~[tomcat-embed-core-11.0.18.jar:11.0.18]
	at org.apache.tomcat.util.threads.ThreadPoolExecutor$Worker.run(ThreadPoolExecutor.java:480) ~[tomcat-embed-core-11.0.18.jar:11.0.18]
	at org.apache.tomcat.util.threads.TaskThread$WrappingRunnable.run(TaskThread.java:57) ~[tomcat-embed-core-11.0.18.jar:11.0.18]
	at java.base/java.lang.Thread.run(Thread.java:1474) ~[na:na]

2026-03-24T10:36:11.192-06:00  INFO 14844 --- [back] [SpringApplicationShutdownHook] o.s.boot.tomcat.GracefulShutdown         : Commencing graceful shutdown. Waiting for active requests to complete
2026-03-24T10:36:11.204-06:00  INFO 14844 --- [back] [tomcat-shutdown] o.s.boot.tomcat.GracefulShutdown         : Graceful shutdown complete
2026-03-24T10:36:11.211-06:00  INFO 14844 --- [back] [SpringApplicationShutdownHook] j.LocalContainerEntityManagerFactoryBean : Closing JPA EntityManagerFactory for persistence unit 'default'
2026-03-24T10:36:11.214-06:00  INFO 14844 --- [back] [SpringApplicationShutdownHook] com.zaxxer.hikari.HikariDataSource       : HikariPool-1 - Shutdown initiated...
2026-03-24T10:36:11.230-06:00  INFO 14844 --- [back] [SpringApplicationShutdownHook] com.zaxxer.hikari.HikariDataSource       : HikariPool-1 - Shutdown completed.
2026-03-24T10:36:15.872-06:00  INFO 8200 --- [back] [main] com.pueblahealth.back.BackApplication    : Starting BackApplication using Java 25.0.2 with PID 8200 (C:\Users\dylan\Documents\seguridadProyecto\PUEBLAHealth-Tech\back\target\classes started by dylan in C:\Users\dylan\Documents\seguridadProyecto\PUEBLAHealth-Tech)
2026-03-24T10:36:15.879-06:00 DEBUG 8200 --- [back] [main] com.pueblahealth.back.BackApplication    : Running with Spring Boot v4.0.3, Spring v7.0.5
2026-03-24T10:36:15.882-06:00  INFO 8200 --- [back] [main] com.pueblahealth.back.BackApplication    : No active profile set, falling back to 1 default profile: "default"
2026-03-24T10:36:17.551-06:00  INFO 8200 --- [back] [main] .s.d.r.c.RepositoryConfigurationDelegate : Bootstrapping Spring Data JPA repositories in DEFAULT mode.
2026-03-24T10:36:17.768-06:00  INFO 8200 --- [back] [main] .s.d.r.c.RepositoryConfigurationDelegate : Finished Spring Data repository scanning in 172 ms. Found 3 JPA repository interfaces.
2026-03-24T10:36:18.782-06:00  INFO 8200 --- [back] [main] o.s.boot.tomcat.TomcatWebServer          : Tomcat initialized with port 8080 (http)
2026-03-24T10:36:18.798-06:00  INFO 8200 --- [back] [main] o.apache.catalina.core.StandardService   : Starting service [Tomcat]
2026-03-24T10:36:18.798-06:00  INFO 8200 --- [back] [main] o.apache.catalina.core.StandardEngine    : Starting Servlet engine: [Apache Tomcat/11.0.18]
2026-03-24T10:36:18.863-06:00  INFO 8200 --- [back] [main] b.w.c.s.WebApplicationContextInitializer : Root WebApplicationContext: initialization completed in 2848 ms
2026-03-24T10:36:19.272-06:00  INFO 8200 --- [back] [main] org.hibernate.orm.jpa                    : HHH008540: Processing PersistenceUnitInfo [name: default]
2026-03-24T10:36:19.359-06:00  INFO 8200 --- [back] [main] org.hibernate.orm.core                   : HHH000001: Hibernate ORM core version 7.2.4.Final
2026-03-24T10:36:20.169-06:00  INFO 8200 --- [back] [main] o.s.o.j.p.SpringPersistenceUnitInfo      : No LoadTimeWeaver setup: ignoring JPA class transformer
2026-03-24T10:36:20.215-06:00  INFO 8200 --- [back] [main] com.zaxxer.hikari.HikariDataSource       : HikariPool-1 - Starting...
2026-03-24T10:36:20.393-06:00  INFO 8200 --- [back] [main] com.zaxxer.hikari.pool.HikariPool        : HikariPool-1 - Added connection com.mysql.cj.jdbc.ConnectionImpl@41f90b10
2026-03-24T10:36:20.395-06:00  INFO 8200 --- [back] [main] com.zaxxer.hikari.HikariDataSource       : HikariPool-1 - Start completed.
2026-03-24T10:36:20.454-06:00  WARN 8200 --- [back] [main] org.hibernate.orm.core                   : HHH000511: The 5.5.5 version for [org.hibernate.dialect.MySQLDialect] is no longer supported, hence certain features may not work properly.The minimum supported version is 8.0.0. Check the community dialects project for available legacy versions.
2026-03-24T10:36:20.478-06:00  INFO 8200 --- [back] [main] org.hibernate.orm.connections.pooling    : HHH10001005: Database info:
	Database JDBC URL [jdbc:mysql://127.0.0.1:3306/pueblahealth]
	Database driver: MySQL Connector/J
	Database dialect: MySQLDialect
	Database version: 5.5.5
	Default catalog/schema: pueblahealth/undefined
	Autocommit mode: undefined/unknown
	Isolation level: REPEATABLE_READ [default REPEATABLE_READ]
	JDBC fetch size: none
	Pool: DataSourceConnectionProvider
	Minimum pool size: undefined/unknown
	Maximum pool size: undefined/unknown
2026-03-24T10:36:21.572-06:00  INFO 8200 --- [back] [main] org.hibernate.orm.core                   : HHH000489: No JTA platform available (set 'hibernate.transaction.jta.platform' to enable JTA platform integration)
2026-03-24T10:36:21.692-06:00  INFO 8200 --- [back] [main] j.LocalContainerEntityManagerFactoryBean : Initialized JPA EntityManagerFactory for persistence unit 'default'
2026-03-24T10:36:21.793-06:00  INFO 8200 --- [back] [main] o.s.d.j.r.query.QueryEnhancerFactories   : Hibernate is in classpath; If applicable, HQL parser will be used.
2026-03-24T10:36:22.946-06:00  WARN 8200 --- [back] [main] JpaBaseConfiguration$JpaWebConfiguration : spring.jpa.open-in-view is enabled by default. Therefore, database queries may be performed during view rendering. Explicitly configure spring.jpa.open-in-view to disable this warning
2026-03-24T10:36:24.913-06:00  WARN 8200 --- [back] [main] .s.a.UserDetailsServiceAutoConfiguration : 

Using generated security password: 8e8ede1e-9f51-41d0-983c-913f471eb1f7

This generated password is for development use only. Your security configuration must be updated before running your application in production.

2026-03-24T10:36:24.959-06:00  INFO 8200 --- [back] [main] r$InitializeUserDetailsManagerConfigurer : Global AuthenticationManager configured with UserDetailsService bean with name inMemoryUserDetailsManager
2026-03-24T10:36:29.117-06:00  INFO 8200 --- [back] [main] o.s.boot.tomcat.TomcatWebServer          : Tomcat started on port 8080 (http) with context path '/'
2026-03-24T10:36:29.131-06:00  INFO 8200 --- [back] [main] com.pueblahealth.back.BackApplication    : Started BackApplication in 14.142 seconds (process running for 15.082)
2026-03-24T10:36:40.308-06:00  INFO 8200 --- [back] [http-nio-8080-exec-1] o.a.c.c.C.[Tomcat].[localhost].[/]       : Initializing Spring DispatcherServlet 'dispatcherServlet'
2026-03-24T10:36:40.308-06:00  INFO 8200 --- [back] [http-nio-8080-exec-1] o.s.web.servlet.DispatcherServlet        : Initializing Servlet 'dispatcherServlet'
2026-03-24T10:36:40.311-06:00  INFO 8200 --- [back] [http-nio-8080-exec-1] o.s.web.servlet.DispatcherServlet        : Completed initialization in 1 ms
2026-03-24T10:36:40.494-06:00  INFO 8200 --- [back] [http-nio-8080-exec-1] c.pueblahealth.back.service.AuthService  : [INFO]Intento de login para el usuario: dylanvelarde12@gmail.com
2026-03-24T10:36:41.099-06:00  INFO 8200 --- [back] [http-nio-8080-exec-1] c.pueblahealth.back.service.AuthService  : [SUCCESS]Login exitoso del usuario: dylanvelarde12@gmail.com
2026-03-24T10:40:55.684-06:00  INFO 8200 --- [back] [SpringApplicationShutdownHook] o.s.boot.tomcat.GracefulShutdown         : Commencing graceful shutdown. Waiting for active requests to complete
2026-03-24T10:40:55.694-06:00  INFO 8200 --- [back] [tomcat-shutdown] o.s.boot.tomcat.GracefulShutdown         : Graceful shutdown complete
2026-03-24T10:40:55.699-06:00  INFO 8200 --- [back] [SpringApplicationShutdownHook] j.LocalContainerEntityManagerFactoryBean : Closing JPA EntityManagerFactory for persistence unit 'default'
2026-03-24T10:40:55.701-06:00  INFO 8200 --- [back] [SpringApplicationShutdownHook] com.zaxxer.hikari.HikariDataSource       : HikariPool-1 - Shutdown initiated...
2026-03-24T10:40:55.711-06:00  INFO 8200 --- [back] [SpringApplicationShutdownHook] com.zaxxer.hikari.HikariDataSource       : HikariPool-1 - Shutdown completed.
